--
-- PostgreSQL database dump
--

SET statement_timeout = 0;
SET client_encoding = 'UTF8';
SET standard_conforming_strings = off;
SET check_function_bodies = false;
SET client_min_messages = warning;
SET escape_string_warning = off;

SET search_path = public, pg_catalog;

--
-- Name: cg_landmark_id_seq; Type: SEQUENCE SET; Schema: public; Owner: postgres
--

SELECT pg_catalog.setval('cg_landmark_id_seq', 7, true);


--
-- Name: cg_poicategory_poicat_id_seq; Type: SEQUENCE SET; Schema: public; Owner: postgres
--

SELECT pg_catalog.setval('cg_poicategory_poicat_id_seq', 3, false);


--
-- Name: cg_pois_poi_id_seq; Type: SEQUENCE SET; Schema: public; Owner: postgres
--

SELECT pg_catalog.setval('cg_pois_poi_id_seq', 5, false);


--
-- Name: cg_streetnode_id_seq; Type: SEQUENCE SET; Schema: public; Owner: postgres
--

SELECT pg_catalog.setval('cg_streetnode_id_seq', 405, true);


--
-- Data for Name: cg_distance; Type: TABLE DATA; Schema: public; Owner: postgres
--

COPY cg_distance (streetnode_id, landmark_id, length) FROM stdin;
0	0	0
1	0	0
2	0	0
3	0	0
4	0	0
5	0	50.491361650164251
6	0	90.672515442796453
7	0	125.52754146538653
8	0	155.85092875987488
9	0	199.13862710647925
10	0	139.71454746942641
11	0	112.64118720381754
12	0	141.13751980935501
13	0	168.03772725553227
14	0	220.44266096829591
15	0	253.78833148666672
16	0	271.57509080064051
17	0	254.67695205492203
18	0	307.44723838426694
19	0	290.12545185221757
20	0	302.53381177787759
21	0	269.72778088186948
22	0	315.06752809622111
23	0	345.84752537861584
24	0	335.75844695036909
25	0	351.70959559967594
26	0	342.4628308993083
27	0	331.50018973558656
28	0	318.55985844151775
29	0	257.85704060364907
30	0	249.92006715001401
31	0	241.99220356848122
32	0	249.60384697399428
33	0	257.23682150980909
34	0	265.1743639833004
35	0	272.20359180647671
36	0	266.19041019519221
37	0	428.17719018023956
38	0	429.92292407269417
39	0	470.53307568628247
40	0	524.1416200749992
41	0	466.51055783379104
42	0	391.12108109102638
43	0	409.00002926672732
44	0	444.74175472017436
45	0	452.0432794219484
46	0	531.7430626701323
47	0	514.83619784722168
48	0	518.48014964594506
49	0	461.22588426217362
50	0	466.34456708259131
51	0	425.65198475256534
52	0	416.28230500102268
53	0	399.49304536514114
54	0	384.80334485992944
55	0	402.23927843081424
56	0	412.91783245523061
57	0	395.47395354812875
58	0	380.78425304291716
59	0	354.16512521736166
60	0	584.19428433663586
61	0	624.50090809526546
62	0	611.43541636391649
63	0	566.90477844388613
64	0	612.14420334300416
65	0	670.18205291949914
66	0	670.97579263745899
67	0	661.79455303538975
68	0	668.57322823289928
69	0	671.01274205557945
70	0	667.9901873508577
71	0	651.07277408633979
72	0	639.09111667033687
73	0	630.53895256468195
74	0	617.61224028644824
75	0	605.32647593085017
76	0	569.61939092321222
77	0	556.01614528213111
78	0	547.46450929974253
79	0	577.60050578002154
80	0	593.91226648987845
81	0	632.67388125853699
82	0	665.69958881637967
83	0	687.65690317634494
84	0	665.7245113726708
85	0	656.23271007298399
86	0	665.74739489809895
87	0	646.32282584639779
88	0	577.54589310379492
89	0	669.54872693312007
90	0	648.39816970514858
91	0	620.33013282058755
92	0	609.57697784325126
93	0	570.65742582400276
94	0	547.26906862170074
95	0	586.7585019957919
96	0	662.80917767667131
97	0	695.1001281663157
98	0	727.30312201858487
99	0	697.87310589668209
100	0	732.93690531008417
101	0	749.0379814818732
102	0	759.71653550628969
103	0	728.19366220541178
104	0	710.32279947870575
105	0	694.22172330691672
106	0	654.00349383344076
107	0	638.51024765681882
108	0	611.47294515673207
109	0	597.74641722062665
110	0	594.72914976117079
111	0	669.95407618653189
112	0	553.08402212497288
113	0	549.35371206616605
114	0	547.5194168532181
115	0	722.05765293598017
116	0	758.00199693248817
117	0	790.20414927609193
118	0	800.65008678393076
119	0	827.02855320141691
120	0	847.89317144403071
121	0	910.20237700134828
122	0	921.799794857081
123	0	979.70434274662705
124	0	1074.7306873637083
125	0	1074.3992579940211
126	0	1065.5262153855085
127	0	992.3047212766345
128	0	1134.0360661928109
129	0	1164.0319704408298
130	0	1183.30598540445
131	0	1246.3333938823366
132	0	1079.4260580701412
133	0	1228.7907374340652
134	0	1245.6198196933121
135	0	1232.0130681702294
136	0	1209.2704935641734
137	0	1217.2372406332781
138	0	1229.2612590031811
139	0	1244.7542136656928
140	0	1289.788913859921
141	0	1272.6223306826025
142	0	1291.896814298186
143	0	1347.2385591117306
144	0	1297.4686753262642
145	0	1180.3208086544332
146	0	1146.7501129327052
147	0	1170.3087500366134
148	0	1133.8237500486814
149	0	1114.9671422680208
150	0	1174.5809951242322
151	0	1092.7989963119471
152	0	1115.3889384765132
153	0	1165.963956118746
154	0	1191.6151668224961
155	0	1246.4763474099032
156	0	1262.0608593473071
157	0	1207.2170573237549
158	0	1237.3530538040338
159	0	1293.2301730250149
160	0	1216.843521996555
161	0	1112.353107956319
162	0	1072.8045285301703
163	0	1148.1983018949875
164	0	972.72210852885951
165	0	964.61399199703226
166	0	1028.1491734436338
167	0	1041.1542607615804
168	0	1030.5358326894195
169	0	1016.0457991868228
170	0	992.65551099342576
171	0	981.70384252182987
172	0	1016.282287574131
173	0	905.64059225139215
174	0	881.52097693881478
175	0	747.61201734520819
176	0	765.42339010605667
177	0	807.78148095900644
178	0	854.55196560445222
179	0	814.37913044916104
180	0	804.33434782447125
181	0	780.94328727927052
182	0	869.42359152784695
183	0	884.82252159644747
184	0	873.22549318371614
185	0	859.66847592996123
186	0	866.33292203766484
187	0	887.5967782662791
188	0	906.57752568765068
189	0	926.11695323098957
190	0	917.21060256734256
191	0	905.02969811606602
192	0	924.56763501243972
193	0	949.61575258787354
194	0	943.8342664773819
195	0	924.8509017931018
196	0	890.93074149072788
197	0	917.23925838758885
198	0	939.17144426394646
199	0	950.12352512680161
200	0	957.05728528757095
201	0	972.10148904165987
202	0	964.17362546012714
203	0	970.38753282274718
204	0	979.32245871692135
205	0	1036.4473119381196
206	0	1056.5377764317145
207	0	1008.6557774776637
208	0	1062.7901517043331
209	0	1076.8408949304421
210	0	1105.3386539335347
211	0	1099.1196166148525
212	0	1108.223353364087
213	0	1104.5123421710402
214	0	1124.4635444096107
215	0	1107.104177330006
216	0	1075.3399745586669
217	0	1066.4574086870618
218	0	1097.9332739164681
219	0	1173.8728773991609
220	0	1145.8902533312662
221	0	1170.7406909761899
222	0	1228.6911616653238
223	0	1245.0923872854112
224	0	1263.6213652541489
225	0	1258.9136193918746
226	0	1210.8223579007417
227	0	1211.9248906295122
228	0	1201.7027207005979
229	0	1236.219460501218
230	0	1297.0718004578416
231	0	1308.6785610254997
232	0	1331.3415602489949
233	0	1323.4809434538579
234	0	1303.9023640578407
235	0	1344.5514640269309
236	0	1351.7557428411415
237	0	1334.6508865310202
238	0	1332.2220360777353
239	0	1278.7856356998407
240	0	1343.5774564594235
241	0	1259.0014434545205
242	0	1231.0540272178566
243	0	1214.3805147544795
244	0	1176.0346673737545
245	0	1051.8856659664796
246	0	1206.9941215068361
247	0	1180.2674706303792
248	0	1170.7742419563692
249	0	1149.3152354079853
250	0	1136.9021995125595
251	0	1115.4653036087029
252	0	1099.8634131074441
253	0	1134.9825557885274
254	0	1153.031462632259
255	0	1164.09963276586
256	0	1174.7559694627162
257	0	1204.1535048640933
258	0	1222.3350490479954
259	0	1187.2876886416182
260	0	1158.1120086914189
261	0	1132.4979761008296
262	0	1126.393075910026
263	0	1058.4254053700174
264	0	1016.7913054220556
265	0	1060.4263945770292
266	0	1094.014037520556
267	0	1118.2836316918647
268	0	1083.8035488855808
269	0	1078.4826331716224
270	0	1047.3133194939146
271	0	989.45800947769396
272	0	1023.9670283639546
273	0	1046.2785485487648
274	0	1026.4305332959711
275	0	1021.793913375407
276	0	1013.9681123213045
277	0	995.02976725514566
278	0	1003.2779497326716
279	0	983.1872604343132
280	0	925.96192755515358
281	0	966.14319375001025
282	0	917.28649545506914
283	0	857.26111667437101
284	0	834.94939406333174
285	0	796.98825614631846
286	0	857.02810427228872
287	0	837.71647134307113
288	0	873.56418517249335
289	0	884.07682841018936
290	0	898.85389032735804
291	0	877.18500151219735
292	0	818.33429395664029
293	0	807.26653188874388
294	0	829.30185127670563
295	0	854.18080661576857
296	0	889.38844585685683
297	0	838.58329559191452
298	0	860.18306521693739
299	0	730.68525364400023
300	0	739.06070332255581
301	0	759.21760056246433
302	0	766.56229708475121
303	0	776.01148926799237
304	0	783.83786742478753
305	0	781.32615601509519
306	0	767.88826186606275
307	0	778.17122351598709
308	0	755.05939959758803
309	0	717.86227937621379
310	0	701.88679897960367
311	0	678.43557336477932
312	0	669.56253075626648
313	0	642.64845449103507
314	0	685.47398999684299
315	0	697.75938672981476
316	0	719.63837860111732
317	0	731.92594697028665
318	0	706.15335775860592
319	0	799.11548493543307
320	0	824.67037955669741
321	0	825.47696780320575
322	0	847.40956553226295
323	0	832.25837017054926
324	0	811.08391014182826
325	0	750.93148151824948
326	0	818.9775179793362
327	0	821.49822033320766
328	0	786.37946346583033
329	0	773.37368159863922
330	0	757.51738475167008
331	0	833.62274448743017
332	0	811.35864264385521
333	0	791.3213026087418
334	0	797.98574871644541
335	0	781.25944846854895
336	0	813.57500627781678
337	0	826.93806166027707
338	0	851.47169658792552
339	0	839.27213065629678
340	0	872.18728769409495
341	0	881.67908899378176
342	0	916.8107329162417
343	0	951.20110361249465
344	0	980.4294622263152
345	0	994.23603591677011
346	0	965.67242338714516
347	0	880.34453349205194
348	0	885.88893029283815
349	0	878.09667432413767
350	0	912.36635774622266
351	0	929.15997751501868
352	0	934.73771612538735
353	0	951.43584203152454
354	0	969.24696121901877
355	0	954.89483742915991
356	0	967.4998486656167
357	0	893.27032152066977
358	0	875.60535410962359
359	0	858.04603997870686
360	0	817.82556459269767
361	0	839.12707321527182
362	0	853.61679502045502
363	0	908.48019834309684
364	0	934.78923025338793
365	0	906.11114805970806
366	0	927.54783327636426
367	0	934.40107006186281
368	0	964.33768040563348
369	0	967.75653865246932
370	0	976.69197001582006
371	0	978.51978099738471
372	0	964.20693802117967
373	0	958.90996905458007
374	0	989.4900530055271
375	0	1002.8683254368377
376	0	1012.1199062763801
377	0	995.6917162516562
378	0	982.8378824246555
379	0	969.50797370650207
380	0	957.51538979131612
381	0	977.36499203767585
382	0	965.11038991481382
383	0	947.55133299727277
384	0	932.9445963253612
385	0	906.18788266502861
386	0	887.19146442303258
387	0	871.60695248562854
388	0	883.85221218792231
389	0	1123.6364258438225
390	0	1097.9394772232508
391	0	1105.5730434395857
392	0	1120.9463053587049
393	0	1082.9922328647347
394	0	1071.8160463310787
395	0	1054.2835026019968
396	0	1045.4522973546159
397	0	1031.4099140304775
398	0	1132.3475404704946
399	0	952.29863913173733
400	0	967.6460260602704
401	0	999.93697654991479
402	0	1007.227358604702
403	0	1009.6598055743146
404	0	1002.2475715693545
405	0	1024.5116734129297
0	1	0
1	1	0
2	1	0
3	1	0
4	1	0
5	1	396.90698484505293
6	1	356.72583105242069
7	1	321.87080502983065
8	1	369.32038921416421
9	1	347.69814140698065
10	1	385.45677050461262
11	1	412.53013077022155
12	1	405.69924870410489
13	1	279.36061923968487
14	1	226.95568552692129
15	1	258.47462178559715
16	1	274.32628298570978
17	1	313.37255664260636
18	1	238.45413540208335
19	1	222.13750142004631
20	1	209.64467542308063
21	1	177.67056561334772
22	1	132.33081839899603
23	1	163.11081568139076
24	1	176.42004025058912
25	1	192.37118889989591
26	1	203.43854288704199
27	1	273.24758730723948
28	1	286.1879186013083
29	1	379.83582562130704
30	1	387.7727990749421
31	1	395.70066265647489
32	1	403.3123060619879
33	1	410.94528059780276
34	1	403.80271088873417
35	1	396.7734830655578
36	1	388.16919521285018
37	1	463.95779553887172
38	1	449.46807373368853
39	1	408.85792212010034
40	1	355.2493777313835
41	1	286.28567554867681
42	1	332.86847866267931
43	1	350.74742683838019
44	1	386.48915229182722
45	1	393.79067699360127
46	1	221.05317071233554
47	1	202.31357019629382
48	1	205.95752199501726
49	1	148.70325661124582
50	1	152.17440749197419
51	1	113.12935710163757
52	1	122.49903685318021
53	1	138.56114142563496
54	1	123.87144092042331
55	1	109.69174663923003
56	1	99.013192614813647
57	1	81.303793957511658
58	1	66.614093452300025
59	1	93.233221277855492
60	1	271.67165668570806
61	1	311.97828044433766
62	1	298.91278871298863
63	1	254.38215079295833
64	1	299.62157569207636
65	1	357.6594252685714
66	1	358.45316498653125
67	1	349.27192538446201
68	1	356.05060058197154
69	1	358.49011440465171
70	1	437.28393933980493
71	1	454.20135260432284
72	1	458.86623438522275
73	1	450.31407027956783
74	1	437.38735800133412
75	1	425.10159364573605
76	1	389.3945086380981
77	1	375.79126299701699
78	1	367.23962701462841
79	1	397.37562349490742
80	1	413.68738420476444
81	1	452.44899897342287
82	1	485.47470653126544
83	1	507.43202089123082
84	1	485.49962908755668
85	1	476.00782778786987
86	1	496.85515255448314
87	1	477.43058350278199
88	1	408.65365076017923
89	1	516.86820092650566
90	1	495.71764369853423
91	1	523.78568058309509
92	1	534.53883556043138
93	1	508.98227225782063
94	1	485.59391505551849
95	1	525.0833484296096
96	1	566.26472543917885
97	1	598.55567592882323
98	1	630.75866978109252
99	1	601.32865365918963
100	1	636.39245307259171
101	1	652.49352924438074
102	1	663.17208326879722
103	1	706.64176818259398
104	1	724.5126309092999
105	1	720.0817951558987
106	1	679.86356568242275
107	1	664.37031950580081
108	1	637.33301700571394
109	1	623.60648906960853
110	1	638.82977588063727
111	1	695.81414803551388
112	1	578.94409397395475
113	1	568.89886172716035
114	1	583.30002221185021
115	1	736.24748436657433
116	1	772.19182836308221
117	1	804.39398070668597
118	1	814.8399182145248
119	1	841.21838463201107
120	1	862.08300287462475
121	1	924.39220843194221
122	1	935.98962628767504
123	1	993.8941741772212
124	1	1088.9205187943023
125	1	1088.5890894246152
126	1	1079.7160468161026
127	1	1006.4945527072284
128	1	1148.225897623405
129	1	1178.2218018714238
130	1	1197.495816835044
131	1	1260.5232253129313
132	1	1093.6158895007352
133	1	1242.98056886466
134	1	1259.8096511239066
135	1	1246.2028996008239
136	1	1223.4603249947677
137	1	1231.4270720638726
138	1	1243.4510904337758
139	1	1258.9440450962873
140	1	1303.9787452905157
141	1	1286.8121621131972
142	1	1306.0866457287807
143	1	1361.4283905423254
144	1	1311.6585067568592
145	1	1194.5106400850275
146	1	1160.9399443632992
147	1	1184.4985814672077
148	1	1148.0135814792754
149	1	1129.156973698615
150	1	1188.7708265548265
151	1	1106.9888277425412
152	1	1129.5787699071075
153	1	1180.1537875493402
154	1	1205.8049982530904
155	1	1260.6661788404977
156	1	1276.2506907779018
157	1	1221.4068887543492
158	1	1251.5428852346286
159	1	1307.4200044556096
160	1	1231.0333534271497
161	1	1126.5429393869133
162	1	1086.9943599607643
163	1	1162.3881333255815
164	1	986.91193995945355
165	1	978.80382342762641
166	1	1042.3390048742278
167	1	1055.3440921921745
168	1	1044.7256641200136
169	1	1030.235630617417
170	1	1006.8453424240199
171	1	995.8936739524238
172	1	1030.4721190047251
173	1	919.8304236819863
174	1	895.71080836940882
175	1	761.80184877580223
176	1	745.35441411736042
177	1	752.00851235261769
178	1	703.00627022805782
179	1	662.83343507276652
180	1	652.78865244807662
181	1	629.39759190287589
182	1	738.85222015255238
183	1	768.94397274362495
184	1	780.54100115635629
185	1	794.09801841011108
186	1	800.76246451781481
187	1	822.02632074642895
188	1	841.00706816780064
189	1	860.54649571113941
190	1	890.5025616224043
191	1	839.45924059621586
192	1	844.46653136358361
193	1	869.51464893901743
194	1	813.26289510208721
195	1	794.27953041780722
196	1	760.35937011543342
197	1	786.66788701229416
198	1	808.60007288865188
199	1	819.55215375150703
200	1	826.48591391227626
201	1	841.5301176663653
202	1	833.60225408483257
203	1	839.8161614474526
204	1	848.75108734162677
205	1	905.87594056282478
206	1	925.96640505641994
207	1	828.43089519254966
208	1	882.56526941921891
209	1	896.61601264532806
210	1	925.11377164842065
211	1	973.33633392466413
212	1	927.99847107897278
213	1	924.28745988592618
214	1	944.2386621244965
215	1	926.87929504489193
216	1	895.1150922735527
217	1	886.23252640194778
218	1	917.70839163135406
219	1	993.64799511404703
220	1	965.66537104615213
221	1	990.51580869107602
222	1	1048.4662793802097
223	1	1064.8675050002971
224	1	1083.3964829690349
225	1	1078.6887371067605
226	1	1030.5974756156279
227	1	1031.7000083443984
228	1	1021.477838415484
229	1	1055.9945782161039
230	1	1116.8469181727276
231	1	1128.4536787403858
232	1	1151.1166779638809
233	1	1143.2560611687438
234	1	1123.6774817727269
235	1	1099.9223319633315
236	1	1079.1381773490475
237	1	1062.0333210389265
238	1	1059.6044705856416
239	1	1006.168070207747
240	1	1070.9598909673298
241	1	986.38387796242671
242	1	958.43646172576302
243	1	941.76294926238609
244	1	892.74104585371697
245	1	752.91588508482175
246	1	934.37655601474273
247	1	924.1943899763495
248	1	914.70116130233953
249	1	893.24215475395533
250	1	880.82911885852945
251	1	859.39222295467289
252	1	843.79033245341407
253	1	878.90947513449726
254	1	896.95838197822889
255	1	908.02655211182991
256	1	946.012072240983
257	1	975.40960764236024
258	1	993.59115182626226
259	1	1000.9652091958945
260	1	962.65603301228055
261	1	952.27309381571547
262	1	946.16819362491185
263	1	878.20052308490335
264	1	836.56642313694158
265	1	880.20151229191515
266	1	913.78915523544185
267	1	938.05874940675051
268	1	903.5786666004667
269	1	822.40955251759226
270	1	809.25385014662186
271	1	751.39854013040122
272	1	764.71465364459505
273	1	756.68911102813377
274	1	727.46075241431322
275	1	722.82413249374918
276	1	714.9983314396469
277	1	733.93667650580551
278	1	690.49230366158008
279	1	670.4016143632216
280	1	613.17628148406197
281	1	653.35754767891865
282	1	604.76386780414134
283	1	544.73848902344309
284	1	522.42676641240382
285	1	484.4656284953906
286	1	544.50547662136091
287	1	557.96326209108099
288	1	589.74550052378117
289	1	579.62449069834645
290	1	586.06824425626655
291	1	564.66237386126943
292	1	505.81166630571244
293	1	494.74390423781603
294	1	516.77922362577783
295	1	541.65817896484077
296	1	576.86581820592903
297	1	526.06066794098672
298	1	547.66043756600959
299	1	418.16262599307237
300	1	426.53807567162784
301	1	446.69497291153635
302	1	454.03966943382335
303	1	463.48886161706452
304	1	471.31523977385967
305	1	479.38371030705508
306	1	492.82160445608753
307	1	503.10456610601187
308	1	489.05913126039212
309	1	490.12871967365749
310	1	474.15323927704725
311	1	498.2106910796652
312	1	489.33764847115236
313	1	462.42357220592095
314	1	505.24910771172887
315	1	517.53450444470059
316	1	539.41349631600315
317	1	551.70106468517235
318	1	525.92847547349163
319	1	618.8906026503189
320	1	644.44549727158324
321	1	664.88939529503114
322	1	686.82199302408821
323	1	652.03348788543508
324	1	630.85902785671408
325	1	570.70659923313519
326	1	567.32498983416451
327	1	541.74501108121751
328	1	506.62625421384024
329	1	519.63203608103117
330	1	535.30868193562969
331	1	653.39786220231611
332	1	631.13376035874103
333	1	611.09642032362763
334	1	617.76086643133124
335	1	601.03456618343478
336	1	621.58556862256796
337	1	638.41599268919026
338	1	613.41222724063289
339	1	595.88844424408796
340	1	634.1278183468022
341	1	643.61961964648901
342	1	678.75126356894907
343	1	713.14163426520213
344	1	742.36999287902245
345	1	756.17656656947725
346	1	727.61295403985241
347	1	678.49200484759876
348	1	685.06295094378925
349	1	688.68497230956996
350	1	674.30688839893014
351	1	691.10050816772605
352	1	696.67824677809472
353	1	713.37637268423191
354	1	731.18749187172602
355	1	716.83536808186727
356	1	729.44037931832395
357	1	713.04543923555582
358	1	695.38047182450964
359	1	677.8211576935928
360	1	637.6006823075835
361	1	658.90219093015776
362	1	673.39191273534107
363	1	728.25531605798278
364	1	754.56434796827398
365	1	725.88626577459399
366	1	747.32295099125031
367	1	754.17618777674886
368	1	784.11279812051941
369	1	787.53165636735525
370	1	796.46708773070611
371	1	798.29489871227065
372	1	783.98205573606572
373	1	778.68508676946601
374	1	809.26517072041304
375	1	822.64344315172366
376	1	851.59575609555532
377	1	837.8999731802511
378	1	825.04613935325051
379	1	811.71623063509696
380	1	799.72364671991113
381	1	801.59933191282153
382	1	784.88550762969976
383	1	767.32645071215882
384	1	775.1528532539561
385	1	780.00884150805871
386	1	726.60389191485797
387	1	711.01937997745392
388	1	723.26463967974769
389	1	993.06505446852771
390	1	967.36810584795603
391	1	975.00167206429091
392	1	990.37493398341007
393	1	952.42086148943986
394	1	941.24467495578392
395	1	923.71213122670224
396	1	914.88092597932109
397	1	900.83854265518266
398	1	952.12265818538049
399	1	966.48847056233149
400	1	981.83585749086456
401	1	1014.1268079805088
402	1	1021.417190035296
403	1	1023.8496370049088
404	1	822.02268928424041
405	1	844.28679112781549
0	2	0
1	2	0
2	2	0
3	2	0
4	2	0
5	2	892.50984087164602
6	2	852.32868707901366
7	2	817.47366105642368
8	2	821.6082899517603
9	2	775.57466413073485
10	2	837.74467124220882
11	2	862.0721040333965
12	2	833.57577142785908
13	2	774.96347526627801
14	2	722.55854155351426
15	2	693.97459718907635
16	2	680.99006552539549
17	2	720.03633918229207
18	2	645.11791794176906
19	2	657.6374768235255
20	2	645.14465082655988
21	2	673.27342163994081
22	2	627.93367442558906
23	2	598.61079108487002
24	2	611.92001565406827
25	2	599.03497143958157
26	2	610.10232542672748
27	2	647.14747812517612
28	2	660.08780941924488
29	2	753.73571643924356
30	2	761.67268989287868
31	2	769.60055347441153
32	2	777.21219687992448
33	2	784.84517141573929
34	2	777.70260170667075
35	2	770.67337388349438
36	2	762.06908603078682
37	2	689.80923001716656
38	2	675.31950821198325
39	2	634.70935659839506
40	2	581.10081220967822
41	2	512.13711002697153
42	2	587.52658676973613
43	2	605.40553494543701
44	2	641.1472603988841
45	2	648.44878510065814
46	2	446.90460519063026
47	2	428.16500467458854
48	2	424.52105287586511
49	2	481.77531825963649
50	2	502.58119181753898
51	2	517.34921776924477
52	2	526.71889752078744
53	2	544.95401908609188
54	2	558.19785766188068
55	2	540.76192409099588
56	2	531.46538225606866
57	2	549.17478091337068
58	2	563.86448141858227
59	2	588.83607730444851
60	2	358.80691818517425
61	2	318.50029442654471
62	2	349.28058517458288
63	2	393.81122309461318
64	2	368.63678692365971
65	2	310.59893734716468
66	2	290.38788908848954
67	2	281.20664948642036
68	2	274.42797428891083
69	2	384.5209753204166
70	2	463.31480025556971
71	2	480.23221352008767
72	2	492.21387093609053
73	2	500.76603504174551
74	2	513.69274731997928
75	2	525.97851167557735
76	2	488.90716672505704
77	2	475.30392108397592
78	2	483.85555706636455
79	2	513.99155354664356
80	2	530.30331425650058
81	2	569.06492902515902
82	2	555.06263036948087
83	2	580.70767781633197
84	2	602.64006962000599
85	2	592.62375783960613
86	2	627.22813553692936
87	2	642.59967647432995
88	2	577.59465683549661
89	2	603.1620590506061
90	2	624.31261627857771
91	2	652.38065316313873
92	2	663.13380814047491
93	2	709.25300632110452
94	2	711.44534953381321
95	2	725.35408249289367
96	2	694.85969801922238
97	2	727.15064850886688
98	2	759.35364236113605
99	2	729.92362623923327
100	2	732.58274780052648
101	2	748.68382397231539
102	2	759.36237799673177
103	2	802.83206291052852
104	2	820.70292563723433
105	2	836.80400180902348
106	2	834.32177787282262
107	2	818.82853169620057
108	2	791.79122919611382
109	2	778.06470126000841
110	2	793.28798807103726
111	2	850.27236022591364
112	2	733.40230616435474
113	2	723.35707391756023
114	2	738.96691143610951
115	2	832.43777909450887
116	2	868.38212309101664
117	2	900.58427543462062
118	2	911.03021294245946
119	2	937.40867935994561
120	2	958.2732976025593
121	2	967.09548183225252
122	2	978.69289968798512
123	2	1036.5974475775313
124	2	1131.6237921946122
125	2	1142.7562488255605
126	2	1151.6292914340734
127	2	1102.684847435163
128	2	1190.9291710237151
129	2	1220.5164331485169
130	2	1239.790448112137
131	2	1217.5879027427134
132	2	1135.910520777828
133	2	1285.2752001417523
134	2	1302.1042824009992
135	2	1288.4975308779165
136	2	1265.7549562718607
137	2	1273.7217033409654
138	2	1285.7457217108681
139	2	1301.2386763733798
140	2	1346.2733765676085
141	2	1329.1067933902898
142	2	1348.3812770058735
143	2	1403.7230218194179
144	2	1353.9531380339517
145	2	1236.8052713621205
146	2	1203.2345756403922
147	2	1226.7932127443007
148	2	1190.3082127563684
149	2	1171.4516049757078
150	2	1231.0654578319193
151	2	1149.2834590196339
152	2	1171.8734011842002
153	2	1222.4484188264332
154	2	1248.0996295301834
155	2	1302.9608101175902
156	2	1318.5453220549944
157	2	1263.7015200314422
158	2	1293.8375165117209
159	2	1349.7146357327024
160	2	1273.3279847042422
161	2	1155.2980046940324
162	2	1129.2889912378571
163	2	1119.452810755364
164	2	1029.2065712365466
165	2	1021.0984547047194
166	2	1084.6336361513208
167	2	1097.6387234692675
168	2	1068.9420181846369
169	2	1054.4519846820403
170	2	1049.1399737011129
171	2	1038.188305229517
172	2	1072.7667502818181
173	2	962.12505495907931
174	2	938.00543964650183
175	2	857.99214350373677
176	2	841.54470884529496
177	2	805.77686904720895
178	2	756.77462692264908
179	2	716.60179176735801
180	2	706.55700914266822
181	2	684.57636583134013
182	2	791.92642265761401
183	2	822.0181752486867
184	2	833.61520366141804
185	2	847.17222091517283
186	2	853.83666702287655
187	2	875.10052325149081
188	2	894.0812706728625
189	2	913.62069821620116
190	2	902.31581401797416
191	2	892.53344310127773
192	2	887.33735453713416
193	2	862.07490658828692
194	2	856.13371827563788
195	2	847.35373292286886
196	2	813.43357262049517
197	2	839.74208951735591
198	2	848.3073401188426
199	2	837.35525925598745
200	2	813.93255421469303
201	2	832.00988180577065
202	2	824.0820182242378
203	2	800.60230667951669
204	2	791.66738078534263
205	2	844.95185518596122
206	2	824.86139069236606
207	2	721.39939421052918
208	2	775.53376843719843
209	2	789.58451166330769
210	2	818.08227066640029
211	2	866.30483294264377
212	2	820.96697009695254
213	2	817.25595890390582
214	2	837.20716114247602
215	2	819.84779406287157
216	2	788.08359129153246
217	2	779.20102541992742
218	2	810.6768906493337
219	2	886.61649413202667
220	2	858.63387006413177
221	2	883.48430770905543
222	2	941.43477839818934
223	2	957.83600401827675
224	2	976.36498198701452
225	2	971.65723612474017
226	2	923.56597463360754
227	2	924.6685073623778
228	2	914.44633743346367
229	2	924.9901113511296
230	2	864.13777139450599
231	2	852.53101082684793
232	2	875.19401005034342
233	2	907.01806390867273
234	2	926.59664330468968
235	2	816.65810782541666
236	2	795.87395321113286
237	2	778.76909690101184
238	2	776.34024644772694
239	2	722.9038460698323
240	2	787.69566682941513
241	2	703.11965382451217
242	2	675.17223758784826
243	2	658.49872512447132
244	2	609.4768217158022
245	2	469.6516609469071
246	2	651.11233187682797
247	2	677.83898275328511
248	2	682.48133202080749
249	2	661.02232547242329
250	2	648.60928957699753
251	2	633.47205568895993
252	2	617.8701651877011
253	2	652.98930786878441
254	2	671.03821471251604
255	2	682.10638484611695
256	2	720.09190497527015
257	2	749.48944037664728
258	2	733.76493154259583
259	2	775.0450419301817
260	2	736.7358657465677
261	2	762.3498983371569
262	2	768.45479852796052
263	2	771.16902210288299
264	2	729.53492215492111
265	2	773.17001130989479
266	2	806.75765425342161
267	2	831.02724842473003
268	2	796.54716561844634
269	2	596.48938525187941
270	2	627.65869892958722
271	2	573.3035052651428
272	2	538.7944863788822
273	2	530.7689437624208
274	2	501.54058514860031
275	2	496.90396522803627
276	2	489.07816417393383
277	2	508.0165092400926
278	2	464.57213639586706
279	2	444.48144709750864
280	2	387.25611421834913
281	2	367.27411460533983
282	2	308.03487602107708
283	2	242.89604592370367
284	2	220.58432331266442
285	2	258.5454612296777
286	2	318.58530935564806
287	2	347.53762229947961
288	2	363.82533325806833
289	2	353.70432343263349
290	2	360.14807699055359
291	2	338.74220659555658
292	2	146.80243270096287
293	2	135.73467063306643
294	2	113.69935124510457
295	2	88.820395906041568
296	2	53.612756664953416
297	2	167.05143433623721
298	2	188.65120396126005
299	2	212.31594887781006
300	2	316.47301405344052
301	2	336.62991129334904
302	2	343.97460781563598
303	2	353.42379999887714
304	2	361.2501781556723
305	2	369.31864868886771
306	2	382.75654283790016
307	2	393.0395044878245
308	2	378.99406964220481
309	2	416.19118986357887
310	2	432.16667026018905
311	2	455.6178958750134
312	2	464.49093848352612
313	2	491.40501474875759
314	2	480.40239772410263
315	2	485.00161833929758
316	2	506.88061021060008
317	2	526.85435469754623
318	2	501.08176548586545
319	2	594.04389266269277
320	2	619.59878728395711
321	2	640.04268530740478
322	2	661.97528303646186
323	2	590.06850813211975
324	2	568.89404810339886
325	2	508.74161947981992
326	2	440.69558301873315
327	2	415.11560426578609
328	2	396.56119259565281
329	2	409.56697446284386
330	2	425.24362031744238
331	2	579.63501563528575
332	2	557.37091379171079
333	2	537.33357375659739
334	2	540.73889881759055
335	2	527.27171961640443
336	2	494.95616180713654
337	2	511.7865858737589
338	2	486.78282042520152
339	2	469.25903742865654
340	2	507.49841153137089
341	2	516.99021283105765
342	2	552.12185675351759
343	2	586.51222744977065
344	2	615.74058606359108
345	2	629.54715975404588
346	2	600.98354722442105
347	2	551.8625980321674
348	2	558.43354412835788
349	2	562.05556549413848
350	2	547.67748158349866
351	2	564.47110135229468
352	2	570.04883996266324
353	2	586.74696586880043
354	2	568.71714275597844
355	2	548.15143906607841
356	2	602.81097250289258
357	2	606.01393825353534
358	2	588.34897084248905
359	2	582.10619983956929
360	2	560.57871469384281
361	2	582.89043730488197
362	2	597.38015911006516
363	2	652.24356243270699
364	2	648.91092511291231
365	2	618.85476479257341
366	2	640.29145000922972
367	2	647.14468679472839
368	2	677.08129713849894
369	2	680.50015538533489
370	2	689.43558674868564
371	2	691.26339773025029
372	2	676.95055475404524
373	2	673.03166391410446
374	2	703.61174786505126
375	2	716.99002029636199
376	2	745.94233324019365
377	2	762.37052326491767
378	2	770.75967316724473
379	2	757.42976444909118
380	2	745.43718053390535
381	2	725.58757828754574
382	2	708.87375400442397
383	2	691.31469708688292
384	2	736.1348709092299
385	2	755.16213152043224
386	2	701.75718192723161
387	2	686.17266998982745
388	2	698.41792969212133
389	2	948.70662757541822
390	2	923.00967895484655
391	2	915.37611273851167
392	2	930.74937465763105
393	2	937.95692331336272
394	2	931.72443909518938
395	2	914.19189536610747
396	2	905.36069011872655
397	2	891.31830679458812
398	2	845.09115720336013
399	2	1009.1917439626416
400	2	1024.5391308911746
401	2	1056.8300813808191
402	2	1064.1204634356061
403	2	1066.5529104052189
404	2	714.99118830221983
405	2	737.25529014579502
0	3	0
1	3	0
2	3	0
3	3	0
4	3	0
5	3	1055.0619587987444
6	3	1034.7529293703788
7	3	999.89790334778877
8	3	952.44831916345515
9	3	906.4146933424297
10	3	968.58470045390345
11	3	992.91213324509135
12	3	964.41580063955394
13	3	951.06843996264661
14	3	898.66350624988297
15	3	870.07956188544506
16	3	857.09503022176409
17	3	850.87636839398692
18	3	821.22288263813766
19	3	833.74244151989421
20	3	821.24961552292859
21	3	849.3783863363094
22	3	804.03863912195766
23	3	774.71575578123873
24	3	788.02498035043709
25	3	775.13993613595017
26	3	786.2072901230963
27	3	774.05313071332228
28	3	786.99346200739103
29	3	880.64136902738983
30	3	888.57834248102495
31	3	896.50620606255779
32	3	904.11784946807074
33	3	911.75082400388555
34	3	904.60825429481702
35	3	897.57902647164065
36	3	888.97473861893309
37	3	813.94060175458253
38	3	799.45087994939922
39	3	758.84072833581092
40	3	705.23218394709397
41	3	639.04276261511768
42	3	714.43223935788228
43	3	732.31118753358317
44	3	768.05291298703037
45	3	775.35443768880441
46	3	623.00956988699886
47	3	604.26996937095714
48	3	600.62601757223376
49	3	657.88028295600509
50	3	678.68615651390758
51	3	693.45418246561337
52	3	702.82386221715603
53	3	721.05898378246047
54	3	734.30282235824927
55	3	716.86688878736447
56	3	707.57034695243726
57	3	725.27974560973928
58	3	739.96944611495087
59	3	764.94104200081699
60	3	610.1529763438773
61	3	569.8463525852477
62	3	596.73202669432294
63	3	552.2013887742927
64	3	506.96196387517455
65	3	561.94499550586772
66	3	541.73394724719265
67	3	532.55270764512341
68	3	525.77403244761388
69	3	448.09342516259926
70	3	505.18435785322174
71	3	521.40161396235203
72	3	509.41995654634923
73	3	500.8677924406943
74	3	487.94108016246059
75	3	500.22684451805856
76	3	535.9339295256965
77	3	549.5371751667775
78	3	558.08881114916619
79	3	588.22480762944519
80	3	587.0558606254308
81	3	548.29424585677236
82	3	526.56248157859682
83	3	552.20752902544791
84	3	574.13992082912205
85	3	571.85307467121947
86	3	598.7279867460453
87	3	614.0995276834459
88	3	651.82791091829824
89	3	574.66191025972216
90	3	595.81246748769377
91	3	623.88050437225468
92	3	634.63365934959097
93	3	680.75285753022058
94	3	704.14121473252249
95	3	696.85393370200961
96	3	625.16136089235295
97	3	655.89519550706825
98	3	623.69220165479896
99	3	590.09743267234228
100	3	555.0336332589402
101	3	571.13470943072923
102	3	581.8132634551456
103	3	625.28294836894224
104	3	643.15381109564828
105	3	659.25488726743743
106	3	699.47311674091338
107	3	714.96636291753532
108	3	742.00366541762196
109	3	749.56455246912458
110	3	764.78783928015343
111	3	715.42369909400452
112	3	704.90215737347069
113	3	694.85692512667629
114	3	710.46676264522546
115	3	634.53571832887496
116	3	670.48006232538285
117	3	702.6822146689866
118	3	713.12815217682555
119	3	714.80681507195118
120	3	693.94219682933738
121	3	631.63299127201992
122	3	643.23040912775264
123	3	701.13495701729869
124	3	796.1613016343797
125	3	807.29375826532805
126	3	816.16680087384077
127	3	880.08298314716876
128	3	855.46668046348259
129	3	885.05394258828426
130	3	904.32795755190455
131	3	857.7834976340838
132	3	800.44803021759537
133	3	949.81270958151993
134	3	966.6417918407667
135	3	953.03504031768409
136	3	930.2924657116281
137	3	938.25921278073281
138	3	950.28323115063574
139	3	965.77618581314744
140	3	1010.8108860073759
141	3	993.64430283005743
142	3	1012.9187864456409
143	3	1068.2605312591854
144	3	1018.4906474737193
145	3	901.3427808018879
146	3	867.77208508015963
147	3	891.33072218406812
148	3	854.84572219613585
149	3	835.98911441547523
150	3	895.60296727168679
151	3	813.82096845940146
152	3	836.41091062396765
153	3	886.98592826620063
154	3	912.6371389699508
155	3	967.49831955735772
156	3	983.08283149476188
157	3	928.23902947120962
158	3	958.37502595148851
159	3	1014.2521451724698
160	3	937.86549414400974
161	3	795.49359958540288
162	3	793.82650067762449
163	3	759.64840564673443
164	3	693.74408067631396
165	3	685.63596414448671
166	3	749.17114559108825
167	3	762.17623290903487
168	3	733.47952762440423
169	3	718.98949412180775
170	3	713.67748314088021
171	3	702.72581466928432
172	3	737.30425972158548
173	3	626.66256439884671
174	3	602.54294908626923
175	3	608.98135391964695
176	3	591.16998115879846
177	3	548.81189030584869
178	3	523.01572966150275
179	3	495.18748176765757
180	3	485.1426991429679
181	3	507.02725128975396
182	3	487.16977973700807
183	3	517.26153232808065
184	3	528.85856074081209
185	3	542.41557799456689
186	3	549.08002410227061
187	3	570.34388033088476
188	3	589.32462775225645
189	3	592.50005598819882
190	3	566.85332345774157
191	3	571.41280087327527
192	3	551.87486397690168
193	3	526.61241602805433
194	3	520.67122771540528
195	3	525.89973395995571
196	3	508.67692969988917
197	3	518.28809055444276
198	3	512.84484955861012
199	3	501.89276869575497
200	3	478.47006365446049
201	3	496.54739124553811
202	3	488.61952766400532
203	3	465.13981611928426
204	3	456.20489022511009
205	3	509.48936462572863
206	3	489.39890013213352
207	3	385.9369036502967
208	3	440.07127787696595
209	3	454.12202110307521
210	3	482.61978010616781
211	3	530.84234238241118
212	3	485.50447953671994
213	3	481.79346834367334
214	3	494.92898206832126
215	3	460.04338895424218
216	3	452.6211007312998
217	3	442.54951721503602
218	3	450.8724855407043
219	3	526.81208902339722
220	3	498.82946495550226
221	3	523.67990260042609
222	3	581.63037328955977
223	3	598.03159890964719
224	3	608.75473464608433
225	3	555.60138150617786
226	3	563.76156952497797
227	3	553.74501461618581
228	3	543.52284468727146
229	3	509.00610488665149
230	3	448.15376493002805
231	3	436.54700436237005
232	3	459.21000358586537
233	3	491.03405744419462
234	3	510.61263684021174
235	3	400.67410136093878
236	3	379.88994674665497
237	3	362.78509043653395
238	3	360.35623998324911
239	3	306.91983960535441
240	3	371.71166036493719
241	3	287.13564736003423
242	3	259.18823112337043
243	3	242.51471865999349
244	3	193.49281525132437
245	3	53.667654482429199
246	3	235.12832541235014
247	3	261.85497628880717
248	3	266.49732555632966
249	3	245.03831900794546
250	3	232.62528311251958
251	3	231.56710051898244
252	3	215.96521001772362
253	3	251.08435269880675
254	3	269.13325954253844
255	3	280.20142967613941
256	3	318.18694980529256
257	3	335.96246926201985
258	3	317.78092507811789
259	3	361.51807081555415
260	3	334.8309105765901
261	3	360.44494316717942
262	3	366.54984335798298
263	3	434.51751389799148
264	3	394.07243159468862
265	3	433.06470436024591
266	3	466.65234730377273
267	3	444.16763285797816
268	3	409.68755005169436
269	3	194.58443008190176
270	3	225.75374375960968
271	3	171.39855009516515
272	3	136.88953120890454
273	3	128.86398859244321
274	3	99.635629978622745
275	3	83.759407073501791
276	3	91.585208127604233
277	3	110.52355319376305
278	3	154.46148263207942
279	3	136.18192520402943
280	3	193.40725808318899
281	3	156.04520082399654
282	3	215.28443940825929
283	3	280.42326950563273
284	3	302.73499211667195
285	3	322.11791107186042
286	3	262.07806294589011
287	3	281.65271429527144
288	3	268.43355153490563
289	3	239.4536403771433
290	3	220.51529531098453
291	3	254.12202726157949
292	3	376.01296672387315
293	3	387.08072879176956
294	3	409.11604817973142
295	3	433.99500351879442
296	3	469.20264275988256
297	3	355.76396508859881
298	3	377.36373471362157
299	3	463.66200703651316
300	3	380.04546389562324
301	3	392.92100347481608
302	3	400.26569999710296
303	3	376.12711476928797
304	3	383.95349292608313
305	3	387.02092229728413
306	3	400.45881644631658
307	3	394.05591671629054
308	3	413.28767871479147
309	3	450.48479893616559
310	3	468.31505791597931
311	3	444.86383230115501
312	3	435.99078969264224
313	3	462.90486595787371
314	3	420.07933045206579
315	3	407.79393371909401
316	3	385.91494184779145
317	3	415.98026707475111
318	3	440.75869821382861
319	3	483.1698050398976
320	3	466.02807007981141
321	3	462.49357076581873
322	3	440.5609730367616
323	3	435.94872758295924
324	3	414.77426755423824
325	3	354.62183893065935
326	3	300.16886126745146
327	3	319.72382254262345
328	3	332.98972217251224
329	3	345.99550403970335
330	3	361.85180088667266
331	3	356.53345971885534
332	3	334.26935787528032
333	3	314.23201784016692
334	3	307.56757173246325
335	3	324.29387198035977
336	3	295.44568285525406
337	3	278.61525878863165
338	3	254.08162386098314
339	3	271.60540685752807
340	3	233.36603275481372
341	3	223.87423145512696
342	3	277.98947797696042
343	3	312.37984867321342
344	3	341.60820728703391
345	3	355.41478097748876
346	3	326.85116844786393
347	3	225.37176506139588
348	3	218.80081896520539
349	3	226.59307493390594
350	3	193.18696270268595
351	3	209.98058247148191
352	3	170.81560432352137
353	3	189.03530589714302
354	3	171.22418670964882
355	3	150.65848301974881
356	3	205.09931253123517
357	3	270.55144769330286
358	3	252.88648028225663
359	3	246.64370927933675
360	3	286.86418466534593
361	3	309.17590727638515
362	3	323.66562908156834
363	3	339.75746646297091
364	3	313.44843455267971
365	3	283.39227423234104
366	3	304.8289594489973
367	3	311.68219623449585
368	3	341.61880657826646
369	3	345.0376648251023
370	3	353.9730961884531
371	3	355.80090717001769
372	3	341.4880641938127
373	3	337.56917335387186
374	3	368.14925730481883
375	3	381.52752973612951
376	3	410.47984267996111
377	3	426.90803270468507
378	3	439.76186653168565
379	3	444.94366847935515
380	3	432.95108456416921
381	3	413.1014823178096
382	3	396.38765803468789
383	3	378.82860111714689
384	3	423.64877493949382
385	3	450.40548859982636
386	3	480.34287192753129
387	3	464.75835999012725
388	3	475.53698851370228
389	3	613.24413701518574
390	3	587.54718839461407
391	3	579.9136221782793
392	3	595.28688409739846
393	3	602.49443275313024
394	3	596.2619485349569
395	3	578.72940480587499
396	3	569.89819955849396
397	3	555.85581623435553
398	3	509.62866664312759
399	3	673.72925340240897
400	3	689.07664033094204
401	3	721.36759082058643
402	3	728.6579728753735
403	3	731.09041984498617
404	3	379.5286977419874
405	3	401.79279958556248
0	4	0
1	4	0
2	4	0
3	4	0
4	4	0
5	4	1372.8742765054476
6	4	1352.5652470770819
7	4	1317.710221054492
8	4	1270.2606368701581
9	4	1224.2270110491327
10	4	1286.3970181606064
11	4	1310.7244509517946
12	4	1282.2281183462569
13	4	1292.5645332164283
14	4	1242.8280393461498
15	4	1214.2440949817119
16	4	1207.7349597575867
17	4	1168.6886861006901
18	4	1165.3874157344046
19	4	1177.9069746161611
20	4	1165.4141486191954
21	4	1193.5429194325764
22	4	1148.2031722182246
23	4	1118.8802888775056
24	4	1132.189513446704
25	4	1119.3044692322171
26	4	1130.3718232193633
27	4	1091.8654484200256
28	4	1104.8057797140943
29	4	1198.453686734093
30	4	1206.3906601877281
31	4	1214.318523769261
32	4	1221.9301671747737
33	4	1229.5631417105885
34	4	1222.42057200152
35	4	1215.3913441783438
36	4	1206.7870563256363
37	4	1131.7529194612857
38	4	1117.2631976561024
39	4	1076.6530460425142
40	4	1023.0445016537974
41	4	956.85508032182088
42	4	1032.2445570645857
43	4	1050.1235052402865
44	4	1085.8652306937338
45	4	1093.1667553955078
46	4	967.17410298326604
47	4	948.43450246722432
48	4	944.79055066850083
49	4	1002.0448160522722
50	4	1022.8506896101746
51	4	1037.6187155618804
52	4	1046.9883953134231
53	4	1065.2235168787277
54	4	1078.4673554545163
55	4	1061.0314218836315
56	4	1051.7348800487043
57	4	1069.4442787060063
58	4	1084.133979211218
59	4	1109.1055750970841
60	4	954.31750944014448
61	4	914.01088568151476
62	4	940.89655979059012
63	4	896.36592187055976
64	4	851.12649697144161
65	4	906.10952860213479
66	4	885.89848034345982
67	4	876.71724074139047
68	4	869.93856554388094
69	4	792.25795825886632
70	4	822.99667555992505
71	4	839.21393166905523
72	4	827.23227425305254
73	4	818.68011014739761
74	4	805.7533978691639
75	4	818.03916222476187
76	4	853.7462472323997
77	4	867.3494928734807
78	4	875.90112885586939
79	4	906.03712533614839
80	4	904.86817833213399
81	4	866.10656356347556
82	4	844.37479928530001
83	4	870.01984673215111
84	4	891.95223853582524
85	4	889.66539237792267
86	4	916.5403044527485
87	4	931.9118453901491
88	4	969.64022862500155
89	4	892.47422796642536
90	4	913.62478519439696
91	4	941.69282207895787
92	4	952.44597705629417
93	4	998.56517523692389
94	4	1021.9535324392259
95	4	1014.666251408713
96	4	942.97367859905614
97	4	973.70751321377156
98	4	941.50451936150216
99	4	907.90975037904548
100	4	872.8459509656434
101	4	888.94702713743243
102	4	899.6255811618488
103	4	880.60066368399271
104	4	896.98860837657696
105	4	913.08968454836611
106	4	953.30791402184207
107	4	968.801160198464
108	4	995.83846269855076
109	4	1009.5649906346562
110	4	1024.788277445685
111	4	969.2584963749332
112	4	1022.7144750801741
113	4	1012.6692428333797
114	4	1028.2790803519288
115	4	885.25375491930254
116	4	921.19809891581053
117	4	936.63489669980424
118	4	926.18895919196541
119	4	899.81049277447914
120	4	878.94587453186546
121	4	816.636668974548
122	4	828.23408683028072
123	4	871.96003896883292
124	4	963.09490985983484
125	4	974.22736649078308
126	4	983.10040909929592
127	4	1056.3219032081697
128	4	903.78953103073195
129	4	839.53118501667223
130	4	820.25717005305194
131	4	727.86197399153707
132	4	785.03063863324064
133	4	865.74192208266732
134	4	882.57100434191409
135	4	824.3402594455107
136	4	801.59768483945459
137	4	809.56443190855941
138	4	821.58845027846235
139	4	837.08140494097404
140	4	882.11610513520236
141	4	864.94952195788392
142	4	884.22400557346737
143	4	939.5657503870118
144	4	894.48173734150521
145	4	772.6479999297145
146	4	739.07730420798623
147	4	762.63594131189473
148	4	726.15094132396234
149	4	707.29433354330172
150	4	766.9081863995134
151	4	685.12618758722806
152	4	707.71612975179414
153	4	758.29114739402723
154	4	783.94235809777729
155	4	838.80353868518432
156	4	854.38805062258837
157	4	799.54424859903622
158	4	829.68024507931523
159	4	885.55736430029629
160	4	809.17071327183635
161	4	665.57207594285615
162	4	705.12065536900502
163	4	629.7268820041877
164	4	728.83770884766147
165	4	736.94582537948861
166	4	736.14926901140291
167	4	723.14418169345629
168	4	688.95956258258411
169	4	674.46952907998764
170	4	697.85981727338458
171	4	708.8114857449807
172	4	743.38993079728186
173	4	784.87473601541819
174	4	787.54662678879731
175	4	859.69939051007464
176	4	841.88801774922615
177	4	799.52992689627627
178	4	773.73376625193043
179	4	812.99979947436088
180	4	802.95501684967121
181	4	824.83956899645727
182	4	737.88781632743587
183	4	767.97956891850845
184	4	779.57659733123978
185	4	793.13361458499458
186	4	795.11325465420452
187	4	816.37711088281867
188	4	835.35785830419036
189	4	777.50373369072702
190	4	751.85700116026987
191	4	756.41647857580358
192	4	736.87854167942987
193	4	711.61609373058252
194	4	705.67490541793347
195	4	710.9034116624839
196	4	729.60028515383169
197	4	703.29176825697084
198	4	697.84852726113832
199	4	686.89644639828316
200	4	663.47374135698874
201	4	681.55106894806624
202	4	673.62320536653351
203	4	650.14349382181251
204	4	641.20856792763834
205	4	585.15257184992993
206	4	565.06210735633488
207	4	570.94058135282489
208	4	516.80620712615564
209	4	502.75546390004632
210	4	474.25770489695373
211	4	522.48026717319715
212	4	471.9199760629657
213	4	441.90080425279484
214	4	428.0523618827059
215	4	393.16676876862675
216	4	425.51741243327029
217	4	415.47173058449528
218	4	383.99586535508888
219	4	340.92531724506057
220	4	368.90794131295547
221	4	385.56786422214049
222	4	413.25756749126163
223	4	396.85634187117427
224	4	378.32736390243633
225	4	325.17401076252992
226	4	345.4861972975886
227	4	323.31764387253787
228	4	313.09547394362357
229	4	278.57873414300354
230	4	217.72639418638005
231	4	206.11963361872205
232	4	228.78263284221737
233	4	260.60668670054667
234	4	280.18526609656379
235	4	170.24673061729084
236	4	149.46257600300697
237	4	132.35771969288598
238	4	91.143602077876338
239	4	144.58000245577108
240	4	163.62920228990669
241	4	164.36419470109124
242	4	192.31161093775501
243	4	208.98512340113194
244	4	258.00702680980106
245	4	397.83218757869622
246	4	216.3715166487753
247	4	243.09816752523233
248	4	252.59139619924224
249	4	274.05040274762649
250	4	286.46343864305237
251	4	307.90033454690888
252	4	323.5022250481677
253	4	290.7642270307482
254	4	308.81313387447989
255	4	319.88130400808092
256	4	298.48338447778167
257	4	269.08584907640443
258	4	250.90430489250247
259	4	294.64145062993873
260	4	315.12734524907921
261	4	340.74137783966859
262	4	346.84627803047221
263	4	414.8139485704807
264	4	456.44804851844253
265	4	413.36113903273514
266	4	446.94878197626196
267	4	424.46406753046733
268	4	389.98398472418353
269	4	344.88300498398951
270	4	376.05231866169743
271	4	433.90762867791807
272	4	402.57790385698678
273	4	424.88942404179687
274	4	439.83180508726855
275	4	427.92394016976891
276	4	435.74974122387135
277	4	454.68808629003013
278	4	498.62601572834649
279	4	480.34645830029655
280	4	537.57179117945611
281	4	500.2097339202636
282	4	559.44897250452641
283	4	624.58780260189985
284	4	646.89952521293901
285	4	666.28244416812754
286	4	606.24259604215717
287	4	625.81724739153856
288	4	612.5980846311727
289	4	583.61817347341037
290	4	564.67982840725165
291	4	598.28656035784661
292	4	720.17749982014016
293	4	731.24526188803668
294	4	753.28058127599854
295	4	778.15953661506148
296	4	813.36717585614963
297	4	699.92849818486582
298	4	721.52826780988858
299	4	807.82654013278022
300	4	724.20999699189031
301	4	738.61119589678299
302	4	745.95589241906998
303	4	721.81730719125494
304	4	729.6436853480501
305	4	732.7111147192511
306	4	746.14900886828354
307	4	739.74610913825745
308	4	758.97787113675838
309	4	796.1749913581325
310	4	786.12737562268262
311	4	762.67615000785838
312	4	753.80310739934555
313	4	780.71718366457708
314	4	737.89164815876904
315	4	725.60625142579727
316	4	703.72725955449471
317	4	733.79258478145437
318	4	758.57101592053198
319	4	800.98212274660091
320	4	783.84038778651473
321	4	780.30588847252204
322	4	758.37329074346496
323	4	753.76104528966255
324	4	732.58658526094155
325	4	672.43415663736266
326	4	617.98117897415489
327	4	643.56115772710189
328	4	678.67991459447921
329	4	691.68569646167032
330	4	707.54199330863958
331	4	674.34577742555871
332	4	652.08167558198363
333	4	632.04433554687034
334	4	625.37988943916662
335	4	642.10618968706319
336	4	613.25800056195737
337	4	596.42757649533496
338	4	571.8939415676864
339	4	589.41772456423143
340	4	551.17835046151708
341	4	541.68654916183027
342	4	595.80179568366373
343	4	630.19216637991678
344	4	659.42052499373733
345	4	673.22709868419213
346	4	644.66348615456729
347	4	543.18408276809919
348	4	536.61313667190871
349	4	544.40539264060931
350	4	510.99928040938926
351	4	494.20566064059329
352	4	490.18422643164473
353	4	471.92979612408743
354	4	454.1186769365932
355	4	474.68438062649329
356	4	487.99380275817958
357	4	560.48404304547944
358	4	546.57162477726524
359	4	564.45602698604011
360	4	604.6765023720493
361	4	626.98822498308846
362	4	641.47794678827165
363	4	629.6900618151476
364	4	603.3810299048564
365	4	573.32486958451761
366	4	560.13906576290185
367	4	538.83828387863537
368	4	508.90167353486464
369	4	505.4828152880288
370	4	514.4182466513796
371	4	548.95800807880084
372	4	563.27085105500589
373	4	627.50176870604855
374	4	606.91958971011832
375	4	593.5413172788077
376	4	622.49363022263924
377	4	638.92182024736326
378	4	651.77565407436384
379	4	661.78860197915265
380	4	649.7960180639667
381	4	669.64562031032631
382	4	686.32025338686447
383	4	668.76119646932352
384	4	674.36681152992162
385	4	701.1235251902541
386	4	754.08479674382784
387	4	738.50028480642379
388	4	726.25502510413014
389	4	598.99496327392774
390	4	573.29801465335595
391	4	565.66444843702118
392	4	550.76691905557834
393	4	588.24525901187224
394	4	599.42144554552806
395	4	616.95398927460997
396	4	625.785194521991
397	4	639.82757784612943
398	4	441.92518719274028
399	4	779.7053784323524
400	4	795.05276536088547
401	4	827.34371585052986
402	4	834.63409790531705
403	4	842.00457614114532
404	4	498.60981542258276
405	4	520.87391726615783
0	5	0
1	5	0
2	5	0
3	5	0
4	5	0
5	5	1384.3606001458136
6	5	1424.5417539384457
7	5	1412.8701003325511
8	5	1365.4205161482175
9	5	1351.7155492837469
10	5	1349.284134857769
11	5	1322.2107745921601
12	5	1293.7144419866227
13	5	1420.0530714510428
14	5	1431.0193602761522
15	5	1397.6736897577814
16	5	1379.8869304438074
17	5	1340.8406567869108
18	5	1394.7227186296229
19	5	1411.9459854810725
20	5	1419.9502639235259
21	5	1452.7562948195339
22	5	1430.8148506026275
23	5	1400.0348533202327
24	5	1386.7256287510343
25	5	1370.7744801017275
26	5	1359.7071261145813
27	5	1289.8980816943838
28	5	1276.957750400315
29	5	1183.3098433803161
30	5	1191.2468168339512
31	5	1192.8597582274963
32	5	1185.2481148219833
33	5	1177.6151402861685
34	5	1169.6775978126773
35	5	1176.7068256358536
36	5	1174.9764737887731
37	5	1006.674771615738
38	5	1011.243959911271
39	5	1051.8541115248595
40	5	1093.7924154951882
41	5	1162.756117677895
42	5	1238.1455944206596
43	5	1256.0245425963606
44	5	1291.7662680498076
45	5	1299.0677927515815
46	5	1227.9886225142361
47	5	1246.7282230302781
48	5	1250.3721748290016
49	5	1300.3385366153261
50	5	1321.1444101732286
51	5	1335.9124361249342
52	5	1345.2821158764768
53	5	1363.5172374417814
54	5	1376.7610760175701
55	5	1359.3251424466853
56	5	1350.0286006117581
57	5	1367.7379992690603
58	5	1382.4276997742718
59	5	1407.399295660138
60	5	1316.0863095196923
61	5	1356.3929332783218
62	5	1330.2905792543188
63	5	1285.7599413342884
64	5	1240.5205164351705
65	5	1298.5583660116654
66	5	1318.7694142703406
67	5	1327.9506538724099
68	5	1334.7293290699195
69	5	1216.0938292253632
70	5	1137.3000042902102
71	5	1132.9087634879161
72	5	1120.9271060719132
73	5	1112.3749419662581
74	5	1099.4482296880244
75	5	1088.1597756723852
76	5	1123.8668606800231
77	5	1133.8533822748545
78	5	1125.3017462924659
79	5	1095.165749812187
80	5	1078.8539891023299
81	5	1040.0923743336714
82	5	1010.7543998627144
83	5	985.10935241586333
84	5	1007.0417442195375
85	5	1016.5335455192243
86	5	991.03577877549071
87	5	971.61120972378978
88	5	1040.3881424663925
89	5	962.65497118158908
90	5	953.32414952803754
91	5	925.25611264347651
92	5	936.00926762081281
93	5	982.1284658014423
94	5	1005.5168230037442
95	5	998.22954197323133
96	5	882.77706778739275
97	5	913.51090240210794
98	5	881.30790854983877
99	5	847.71313956738209
100	5	812.64934015398012
101	5	796.54826398219097
102	5	785.8697099577746
103	5	742.40002504397808
104	5	724.52916231727204
105	5	740.63023848906118
106	5	780.84846796253714
107	5	796.34171413915897
108	5	823.37901663924572
109	5	837.10554457535113
110	5	852.32883138637987
111	5	796.79905031562828
112	5	881.76793967100491
113	5	891.81317191779931
114	5	887.33254494275968
115	5	712.79430885999773
116	5	707.29416505105871
117	5	675.09201270745484
118	5	664.64607519961601
119	5	638.26760878212986
120	5	617.40299053951605
121	5	555.09378498219849
122	5	566.6912028379312
123	5	605.25218338828995
124	5	700.27852800537096
125	5	711.41098463631931
126	5	720.28402724483203
127	5	793.50552135370594
128	5	660.0434695215514
129	5	595.78512350749168
130	5	576.51110854387139
131	5	495.58736305442051
132	5	585.0500358720542
133	5	531.02635651425601
134	5	514.19727425500923
135	5	432.88160455890124
136	5	410.13902995284514
137	5	393.64506275289801
138	5	361.34711964094197
139	5	345.87923708306357
140	5	300.84453688883514
141	5	373.74735409997345
142	5	393.02183771555701
143	5	448.36358252910145
144	5	478.56236818584375
145	5	363.35309318244379
146	5	347.61864932137678
147	5	371.17728642528527
148	5	334.692286437353
149	5	353.54889421801352
150	5	293.93504136180195
151	5	342.05296548403078
152	5	319.4630233194647
153	5	268.88800567723166
154	5	243.23679497348161
155	5	188.37561438607466
156	5	203.96012632347873
157	5	258.83868547474043
158	5	288.97468195501943
159	5	235.12944000118662
160	5	326.83037984032194
161	5	361.60707712840269
162	5	362.04743326580774
163	5	397.45227106707114
164	5	462.12985326711839
165	5	470.23796979894553
166	5	533.77315124554696
167	5	546.77823856349369
168	5	530.9880665373887
169	5	516.498033034792
170	5	493.10774484139506
171	5	504.05941331299096
172	5	538.63785836529212
173	5	529.21136954458564
174	5	553.330984857163
175	5	687.23994445076971
176	5	705.0513172116182
177	5	737.31214866893879
178	5	776.51690188003727
179	5	816.68973703532856
180	5	826.73451966001824
181	5	850.12558020521897
182	5	740.67095195554271
183	5	710.57919936447013
184	5	698.98217095173879
185	5	685.42515369798389
186	5	678.76070759028028
187	5	662.06860551411501
188	5	681.0493529354867
189	5	618.97667639695567
190	5	589.02061048569067
191	5	640.06393151187922
192	5	654.30963549081173
193	5	629.26151791537791
194	5	685.51327175230813
195	5	704.49663643658823
196	5	738.41679673896203
197	5	712.10827984210118
198	5	692.2565874756076
199	5	681.30450661275245
200	5	704.06436535932426
201	5	659.32654269789418
202	5	667.25440627942692
203	5	690.73411782414803
204	5	699.6690437183222
205	5	725.99816253087124
206	5	746.08862702446629
207	5	769.93703029313554
208	5	795.41624927963369
209	5	806.64598289098296
210	5	778.14822388789025
211	5	788.67046720760402
212	5	775.81049505390229
213	5	745.79132324373154
214	5	731.94288087364259
215	5	697.05728775956345
216	5	730.08381584207268
217	5	737.70405640250772
218	5	706.22819117310132
219	5	686.25383582619838
220	5	658.27121175830337
221	5	683.12164940322725
222	5	741.07212009236093
223	5	757.47334571244824
224	5	776.00232368118623
225	5	771.29457781891176
226	5	723.20331632777913
227	5	724.30584905654962
228	5	714.08367912763526
229	5	748.60041892825529
230	5	809.45275888487868
231	5	821.05951945253673
232	5	843.722518676032
233	5	835.86190188089495
234	5	816.28332248487777
235	5	856.93242245396789
236	5	877.71657706825181
237	5	894.82143337837283
238	5	936.03555099338246
239	5	945.64405407241907
240	5	891.88320335515152
241	5	925.85986182709894
242	5	897.91244559043514
243	5	914.58595805381196
244	5	963.6078614624812
245	5	1102.2062794610029
246	5	921.97235130145532
247	5	948.69900217791246
248	5	955.81117079115472
249	5	934.35216424277041
250	5	946.76520013819641
251	5	968.20209604205286
252	5	952.75748264073195
253	5	917.63833995964887
254	5	899.58943311591713
255	5	888.5212629823161
256	5	850.5357428531629
257	5	821.13820745178566
258	5	839.31975163568768
259	5	795.58260589825136
260	5	845.42266304095347
261	5	819.80863045036415
262	5	813.70373025956053
263	5	745.73605971955214
264	5	787.3701596675138
265	5	831.00524882248749
266	5	864.5928917660143
267	5	888.86248593732284
268	5	854.38240313103904
269	5	974.13826257655376
270	5	1005.3075762542617
271	5	1011.8989006176905
272	5	1031.833161449551
273	5	1054.1446816343612
274	5	1069.0870626798328
275	5	1072.1145268699302
276	5	1064.2887258158278
277	5	1045.3503807496691
278	5	1089.2883101879854
279	5	1108.885442892253
280	5	1166.1107757714126
281	5	1204.5838258025703
282	5	1225.6100325521095
283	5	1290.7488626494828
284	5	1270.7521011910003
285	5	1232.790963273987
286	5	1172.7511151480167
287	5	1163.3588050750184
288	5	1127.5110912455964
289	5	1156.4910024033586
290	5	1175.4293474695173
291	5	1185.5085386092376
292	5	1344.5339918027018
293	5	1355.6017538705983
294	5	1377.6370732585603
295	5	1402.5160285976233
296	5	1437.7236678387114
297	5	1364.7829934379763
298	5	1386.3827630629994
299	5	1396.8413544810205
300	5	1191.4277556474683
301	5	1171.2708584075597
302	5	1178.6155549298467
303	5	1154.4769697020315
304	5	1162.3033478588268
305	5	1165.3707772300277
306	5	1159.93241251527
307	5	1149.6494508653457
308	5	1153.603304970952
309	5	1116.4061847495777
310	5	1100.4307043529677
311	5	1076.9794787381434
312	5	1068.1064361296305
313	5	1074.4120154834377
314	5	1052.194976889054
315	5	1057.6873370138726
316	5	1035.80834514257
317	5	1005.7430199156104
318	5	1031.5156091272911
319	5	938.55348195046395
320	5	912.99858732919961
321	5	892.55468930575194
322	5	870.62209157669486
323	5	943.78240183089406
324	5	964.25238985477279
325	5	1024.4048184783517
326	5	1050.6408414849313
327	5	1076.2208202378786
328	5	1111.3395771052558
329	5	1124.345358972447
330	5	1117.4453350357278
331	5	954.649604894601
332	5	976.91370673817596
333	5	987.27150516205722
334	5	980.60705905435361
335	5	997.33335930225007
336	5	1009.7107223698944
337	5	992.88029830327207
338	5	1004.553604078463
339	5	1022.0773870750079
340	5	983.83801297229354
341	5	974.34621167260684
342	5	1028.4614581944404
343	5	1062.8518288906932
344	5	1092.0801875045138
345	5	1105.8867611949688
346	5	1077.3231486653438
347	5	939.47382647149732
348	5	937.07311497822673
349	5	929.28085900952624
350	5	962.68697124074617
351	5	955.35341779784744
352	5	985.05832961991064
353	5	973.87673317152132
354	5	991.68785235901532
355	5	1005.2154509236832
356	5	957.81272653742917
357	5	885.32248625012926
358	5	902.98745366117555
359	5	920.54676779209228
360	5	960.76724317810147
361	5	956.27901844068401
362	5	941.78929663550082
363	5	886.9258933128591
364	5	860.61686140256791
365	5	872.4816597110912
366	5	851.04497449443488
367	5	869.76039502770664
368	5	839.82378468393597
369	5	836.40492643710013
370	5	828.73182038491927
371	5	800.07302677341454
372	5	814.38586974961959
373	5	836.49612260137587
374	5	805.91603865042896
375	5	792.53776621911823
376	5	821.49007916294988
377	5	837.91826918767379
378	5	850.77210301467449
379	5	840.75533413419782
380	5	828.76275021901199
381	5	848.6123524653716
382	5	865.32617674849325
383	5	849.01213057540383
384	5	804.19195675305696
385	5	777.43524309272448
386	5	830.84019268592522
387	5	846.42470462332915
388	5	856.08017032726548
389	5	688.90441981522702
390	5	663.20747119465534
391	5	655.57390497832057
392	5	640.20064305920141
393	5	678.15471555317163
394	5	689.33090208682745
395	5	706.86344581590936
396	5	715.69465106329028
397	5	718.63496768671166
398	5	745.81570618367698
399	5	512.99752285180932
400	5	528.3449097803425
401	5	560.63586026998689
402	5	567.92624232477397
403	5	575.29672056060235
404	5	803.17621883138497
405	5	825.44032067496005
0	6	0
1	6	0
2	6	0
3	6	0
4	6	0
5	6	1418.0499807710496
6	6	1458.2311345636817
7	6	1446.5594809577872
8	6	1399.1098967734536
9	6	1385.4049299089829
10	6	1382.973515483005
11	6	1355.9001552173961
12	6	1327.4038226118587
13	6	1453.7424520762788
14	6	1464.7087409013882
15	6	1431.3630703830174
16	6	1413.5763110690434
17	6	1374.5300374121466
18	6	1428.412099254859
19	6	1445.6353661063085
20	6	1453.6396445487619
21	6	1486.4456754447699
22	6	1464.5042312278636
23	6	1433.7242339454688
24	6	1420.4150093762703
25	6	1404.4638607269635
26	6	1393.3965067398174
27	6	1323.5874623196198
28	6	1310.6471310255511
29	6	1216.9992240055519
30	6	1224.936197459187
31	6	1226.5491388527321
32	6	1218.9374954472191
33	6	1211.3045209114043
34	6	1203.3669784379131
35	6	1210.3962062610894
36	6	1208.6658544140089
37	6	1040.3641522409739
38	6	1044.9333405365069
39	6	1085.5434921500953
40	6	1127.481796120424
41	6	1196.4454983031308
42	6	1271.8349750458956
43	6	1289.7139232215966
44	6	1325.4556486750437
45	6	1332.7571733768175
46	6	1261.6780031394721
47	6	1280.4176036555141
48	6	1284.0615554542376
49	6	1334.0279172405621
50	6	1354.8337907984646
51	6	1369.60181675017
52	6	1378.9714965017129
53	6	1397.2066180670174
54	6	1410.4504566428061
55	6	1393.0145230719213
56	6	1383.7179812369941
57	6	1401.4273798942963
58	6	1416.1170803995078
59	6	1441.088676285374
60	6	1349.7756901449284
61	6	1390.0823139035579
62	6	1363.9799598795548
63	6	1319.4493219595245
64	6	1274.2098970604065
65	6	1332.2477466369014
66	6	1352.4587948955766
67	6	1361.6400344976457
68	6	1368.4187096951553
69	6	1249.783209850599
70	6	1170.989384915446
71	6	1166.5981441131519
72	6	1154.616486697149
73	6	1146.0643225914939
74	6	1133.1376103132602
75	6	1121.849156297621
76	6	1157.5562413052589
77	6	1167.5427629000903
78	6	1158.9911269177016
79	6	1128.8551304374228
80	6	1112.5433697275657
81	6	1073.7817549589072
82	6	1044.4437804879503
83	6	1018.7987330410992
84	6	1040.7311248447734
85	6	1050.2229261444602
86	6	1024.7251594007266
87	6	1005.3005903490257
88	6	1074.0775230916283
89	6	996.34435180682499
90	6	987.01353015327345
91	6	958.94549326871243
92	6	969.69864824604861
93	6	1015.8178464266782
94	6	1039.2062036289801
95	6	1031.9189225984671
96	6	916.46644841262855
97	6	947.20028302734386
98	6	914.99728917507468
99	6	881.40252019261789
100	6	846.33872077921592
101	6	830.23764460742677
102	6	819.5590905830104
103	6	776.08940566921387
104	6	758.21854294250784
105	6	774.31961911429698
106	6	814.53784858777294
107	6	830.03109476439477
108	6	857.06839726448152
109	6	870.79492520058693
110	6	886.01821201161579
111	6	830.48843094086396
112	6	915.45732029624082
113	6	925.50255254303511
114	6	921.02192556799559
115	6	746.48368948523353
116	6	740.9835456762944
117	6	708.78139333269064
118	6	698.33545582485181
119	6	671.95698940736565
120	6	651.09237116475185
121	6	588.78316560743428
122	6	600.380583463167
123	6	638.94156401352575
124	6	605.71123721058427
125	6	616.84369384153263
126	6	625.71673645004546
127	6	698.93823055891937
128	6	546.40585838148149
129	6	482.14751236742165
130	6	462.87349740380137
131	6	529.27674367965631
132	6	566.75342473811043
133	6	417.38874537418599
134	6	400.55966311493921
135	6	319.24399341883111
136	6	296.50141881277506
137	6	271.57802652998845
138	6	239.28008341803238
139	6	223.78712875552077
140	6	268.82182894974915
141	6	195.91901173861083
142	6	215.19349535419431
143	6	121.30278330948292
144	6	356.49533196293424
145	6	288.22053376678025
146	6	321.79122948850846
147	6	309.39371397239142
148	6	334.71759237253229
149	6	353.57420015319292
150	6	375.47483744808335
151	6	375.74234610926658
152	6	398.33228827383277
153	6	383.04161878924276
154	6	357.39040808549271
155	6	381.29075145250965
156	6	365.70623951510561
157	6	341.78851758423389
158	6	311.65252110395488
159	6	334.53692583739769
160	6	273.79682321865232
161	6	395.29645775363849
162	6	395.73681389104354
163	6	431.14165169230694
164	6	495.81923389235408
165	6	503.92735042418133
166	6	567.46253187078275
167	6	580.46761918872949
168	6	564.6774471626245
169	6	550.18741366002791
170	6	526.79712546663075
171	6	537.74879393822675
172	6	572.32723899052792
173	6	562.90075016982144
174	6	587.0203654823988
175	6	720.92932507600551
176	6	738.740697836854
177	6	771.00152929417459
178	6	810.20628250527307
179	6	850.37911766056436
180	6	860.42390028525415
181	6	883.81496083045477
182	6	774.3603325807785
183	6	744.26857998970604
184	6	732.67155157697448
185	6	719.11453432321969
186	6	712.45008821551596
187	6	695.75798613935081
188	6	714.73873356072249
189	6	652.66605702219147
190	6	622.70999111092647
191	6	673.75331213711502
192	6	687.99901611604753
193	6	662.95089854061371
194	6	719.20265237754393
195	6	738.18601706182403
196	6	772.10617736419772
197	6	745.79766046733698
198	6	725.9459681008434
199	6	714.99388723798825
200	6	737.75374598456006
201	6	693.01592332312998
202	6	700.94378690466272
203	6	724.42349844938383
204	6	733.358424343558
205	6	759.68754315610704
206	6	779.77800764970198
207	6	803.62641091837122
208	6	829.10562990486937
209	6	840.33536351621865
210	6	811.83760451312605
211	6	822.35984783283971
212	6	809.49987567913809
213	6	779.48070386896734
214	6	765.63226149887828
215	6	730.74666838479925
216	6	763.77319646730848
217	6	771.3934370277434
218	6	739.91757179833712
219	6	719.94321645143418
220	6	691.96059238353916
221	6	716.81103002846294
222	6	774.76150071759662
223	6	791.16272633768403
224	6	809.69170430642203
225	6	804.98395844414745
226	6	756.89269695301482
227	6	757.9952296817853
228	6	747.77305975287095
229	6	782.28979955349109
230	6	843.14213951011448
231	6	854.74890007777253
232	6	877.41189930126779
233	6	869.55128250613075
234	6	849.97270311011357
235	6	890.6218030792038
236	6	911.40595769348761
237	6	928.51081400360863
238	6	969.72493161861826
239	6	979.33343469765487
240	6	925.57258398038744
241	6	959.54924245233474
242	6	931.60182621567105
243	6	948.27533867904776
244	6	997.297242087717
245	6	1135.8956600862386
246	6	955.66173192669112
247	6	982.38838280314826
248	6	989.50055141639064
249	6	968.04154486800621
250	6	980.4545807634322
251	6	1001.8914766672888
252	6	986.44686326596775
253	6	951.32772058488467
254	6	933.27881374115304
255	6	922.2106436075519
256	6	884.2251234783987
257	6	854.82758807702157
258	6	873.00913226092348
259	6	829.27198652348716
260	6	879.11204366618927
261	6	853.49801107560006
262	6	847.39311088479644
263	6	779.42544034478783
264	6	821.05954029274949
265	6	864.6946294477234
266	6	898.28227239125022
267	6	922.55186656255864
268	6	888.07178375627495
269	6	1007.8276432017897
270	6	1038.9969568794975
271	6	1045.5882812429263
272	6	1065.5225420747868
273	6	1087.834062259597
274	6	1102.7764433050686
275	6	1105.803907495166
276	6	1097.9781064410636
277	6	1079.0397613749049
278	6	1122.9776908132212
279	6	1142.5748235174888
280	6	1199.8001563966484
281	6	1238.2732064278061
282	6	1259.2994131773455
283	6	1324.4382432747188
284	6	1304.4414818162363
285	6	1266.480343899223
286	6	1206.4404957732525
287	6	1197.0481857002542
288	6	1161.2004718708322
289	6	1190.1803830285944
290	6	1209.1187280947531
291	6	1219.1979192344734
292	6	1378.2233724279379
293	6	1389.2911344958343
294	6	1411.3264538837964
295	6	1436.2054092228593
296	6	1471.4130484639475
297	6	1398.4723740632123
298	6	1420.0721436882354
299	6	1430.5307351062565
300	6	1225.1171362727041
301	6	1204.9602390327955
302	6	1212.3049355550825
303	6	1188.1663503272673
304	6	1195.9927284840626
305	6	1199.0601578552635
306	6	1193.6217931405058
307	6	1183.3388314905815
308	6	1187.2926855961878
309	6	1150.0955653748135
310	6	1134.1200849782035
311	6	1110.6688593633792
312	6	1101.7958167548663
313	6	1108.1013961086735
314	6	1085.8843575142898
315	6	1091.3767176391084
316	6	1069.4977257678058
317	6	1039.4324005408462
318	6	1065.2049897525269
319	6	972.24286257569975
320	6	946.68796795443541
321	6	926.24406993098773
322	6	904.31147220193066
323	6	977.47178245612986
324	6	997.9417704800087
325	6	1058.0941991035875
326	6	1084.3302221101671
327	6	1109.9102008631144
328	6	1145.0289577304916
329	6	1158.0347395976828
330	6	1151.1347156609636
331	6	988.3389855198368
332	6	1010.6030873634118
333	6	1020.9608857872931
334	6	1014.2964396795894
335	6	1031.0227399274859
336	6	1043.4001029951303
337	6	1026.569678928508
338	6	1038.2429847036988
339	6	1055.7667677002437
340	6	1017.5273935975295
341	6	1008.0355922978426
342	6	1062.1508388196762
343	6	1096.541209515929
344	6	1125.7695681297496
345	6	1139.5761418202046
346	6	1111.0125292905796
347	6	973.16320709673323
348	6	970.76249560346264
349	6	962.97023963476204
350	6	996.37635186598209
351	6	989.04279842308324
352	6	1018.7477102451464
353	6	1007.5661137967572
354	6	1025.3772329842511
355	6	1038.904831548919
356	6	991.50210716266497
357	6	919.01186687536506
358	6	936.67683428641135
359	6	954.2361484173282
360	6	994.45662380333738
361	6	989.96839906591981
362	6	975.47867726073673
363	6	920.61527393809502
364	6	894.30624202780382
365	6	906.171040336327
366	6	884.73435511967068
367	6	903.44977565294244
368	6	873.51316530917188
369	6	870.09430706233593
370	6	862.42120101015507
371	6	833.76240739865034
372	6	848.07525037485539
373	6	870.18550322661167
374	6	839.60541927566464
375	6	826.22714684435391
376	6	855.17945978818557
377	6	871.60764981290959
378	6	884.46148363991028
379	6	874.44471475943374
380	6	862.45213084424768
381	6	882.30173309060751
382	6	899.01555737372905
383	6	882.70151120063974
384	6	837.88133737829276
385	6	811.12462371796028
386	6	864.5295733111609
387	6	880.11408524856506
388	6	889.76955095250128
389	6	722.59380044046281
390	6	696.89685181989114
391	6	689.26328560355637
392	6	673.89002368443721
393	6	711.84409617840743
394	6	723.02028271206325
395	6	740.55282644114504
396	6	749.38403168852619
397	6	752.32434831194746
398	6	779.50508680891267
399	6	546.68690347704523
400	6	562.0342904055783
401	6	594.32524089522269
402	6	601.61562295000977
403	6	608.98610118583815
404	6	836.86559945662066
405	6	859.12970130019585
0	7	0
1	7	0
2	7	0
3	7	0
4	7	0
5	7	1164.8734540107782
6	7	1205.0546078034104
7	7	1193.3829541975158
8	7	1145.9333700131822
9	7	1132.2284031487118
10	7	1129.7969887227339
11	7	1102.723628457125
12	7	1074.2272958515873
13	7	1200.5659253160075
14	7	1211.5322141411168
15	7	1178.1865436227461
16	7	1160.3997843087723
17	7	1121.3535106518755
18	7	1175.2355724945876
19	7	1192.4588393460372
20	7	1200.4631177884905
21	7	1233.2691486844985
22	7	1211.3277044675922
23	7	1180.5477071851974
24	7	1167.2384826159989
25	7	1151.2873339666921
26	7	1140.2199799795462
27	7	1070.4109355593487
28	7	1057.4706042652797
29	7	963.82269724528101
30	7	971.75967069891612
31	7	973.37261209246117
32	7	965.76096868694822
33	7	958.12799415113341
34	7	950.19045167764216
35	7	957.21967950081853
36	7	955.48932765373797
37	7	787.18762548070299
38	7	791.75681377623596
39	7	832.36696538982437
40	7	874.30526936015303
41	7	943.26897154285984
42	7	1018.6584482856244
43	7	1036.5373964613252
44	7	1072.2791219147723
45	7	1079.5806466165463
46	7	1008.501476379201
47	7	1027.2410768952427
48	7	1030.8850286939662
49	7	1080.8513904802908
50	7	1101.6572640381933
51	7	1116.4252899898988
52	7	1125.7949697414415
53	7	1144.030091306746
54	7	1157.273929882535
55	7	1139.8379963116502
56	7	1130.5414544767229
57	7	1148.250853134025
58	7	1162.9405536392367
59	7	1187.9121495251027
60	7	1096.599163384657
61	7	1136.9057871432865
62	7	1119.3855335921603
63	7	1074.8548956721302
64	7	1029.6154707730122
65	7	1087.6533203495071
66	7	1107.8643686081823
67	7	1117.0456082102514
68	7	1123.824283407761
69	7	1009.2413964316777
70	7	930.44757149652446
71	7	923.00102816571621
72	7	911.01937074971352
73	7	902.46720664405848
74	7	889.54049436582477
75	7	877.25473001022669
76	7	912.96181501786464
77	7	922.94833661269604
78	7	914.39670063030735
79	7	884.26070415002823
80	7	867.94894344017121
81	7	829.18732867151289
82	7	801.79739564562669
83	7	776.1523481987756
84	7	796.13669855737908
85	7	805.62849985706566
86	7	771.54863264045571
87	7	752.12406358875455
88	7	820.90099633135742
89	7	753.69796696450135
90	7	733.83700339300231
91	7	705.76896650844128
92	7	716.52212148577757
93	7	762.64131966640707
94	7	786.0296768687092
95	7	778.74239583819622
96	7	663.28992165235763
97	7	694.02375626707271
98	7	661.82076241480365
99	7	628.22599343234685
100	7	593.16219401894477
101	7	577.06111784715574
102	7	566.38256382273937
103	7	522.91287890894273
104	7	505.04201618223669
105	7	521.14309235402584
106	7	561.3613218275018
107	7	576.85456800412373
108	7	603.89187050421049
109	7	617.6183984403159
110	7	632.84168525134464
111	7	577.31190418059293
112	7	662.28079353596968
113	7	672.32602578276396
114	7	667.84539880772445
115	7	493.30716272496238
116	7	457.36281872845439
117	7	425.16066638485063
118	7	414.71472887701174
119	7	388.33626245952553
120	7	409.20088070213933
121	7	471.5100862594569
122	7	469.21798023927022
123	7	411.31343234972405
124	7	316.28708773264304
125	7	305.15463110169469
126	7	296.28158849318191
127	7	223.06009438430803
128	7	375.59246656174582
129	7	439.85081257580566
130	7	459.12482753942595
131	7	551.52002360094059
132	7	524.45672494649455
133	7	504.60957956904133
134	7	521.4386618282881
135	7	602.75433152439621
136	7	625.4969061304522
137	7	650.42029841323881
138	7	682.71824152519491
139	7	698.21119618770649
140	7	743.24589638193493
141	7	726.07931320461648
142	7	745.35379682019993
143	7	800.69554163374437
144	7	573.28751746124044
145	7	685.63182986362335
146	7	688.01728676192056
147	7	664.45864965801218
148	7	700.94364964594445
149	7	696.680796210057
150	7	741.70089472149539
151	7	674.51265025398322
152	7	697.10259241854942
153	7	747.6776100607824
154	7	773.32882076453245
155	7	828.19000135193937
156	7	839.35888068185534
157	7	785.22667569139639
158	7	755.09067921111739
159	7	808.96099326958347
160	7	717.23498132581494
161	7	685.50030952695852
162	7	654.51818247220626
163	7	649.65511558829007
164	7	554.43576247089572
165	7	546.32764593906847
166	7	575.73360957300179
167	7	588.7386968909484
168	7	623.29397574116604
169	7	608.80394223856945
170	7	585.41365404517239
171	7	596.36532251676829
172	7	630.94376756906945
173	7	524.71974375778484
174	7	500.60012844520747
175	7	518.86152713419028
176	7	536.67289989503877
177	7	579.03099074798854
178	7	628.03323287254852
179	7	668.20606802783971
180	7	664.55963653333185
181	7	641.16857598813101
182	7	640.67310131682905
183	7	656.07203138542968
184	7	644.47500297269835
185	7	630.91798571894344
186	7	626.02985117832463
187	7	609.33774910215948
188	7	628.31849652353105
189	7	566.24581998500003
190	7	536.28975407373514
191	7	587.33307509992358
192	7	601.5787790788562
193	7	576.53066150342238
194	7	632.7824153403526
195	7	651.76578002463259
196	7	662.18025127971021
197	7	659.37742343014565
198	7	639.52573106365207
199	7	628.57365020079692
200	7	651.33350894736873
201	7	606.59568628593865
202	7	614.52354986747139
203	7	638.0032614121925
204	7	646.93818730636656
205	7	704.06304052756479
206	7	724.15350502115984
207	7	717.20617388118001
208	7	771.34054810784937
209	7	785.39129133395852
210	7	813.88905033705123
211	7	766.73534520429757
212	7	816.77374976760325
213	7	846.24595098121006
214	7	855.22110943585108
215	7	890.10670254993011
216	7	875.41831859358365
217	7	885.46400044235861
218	7	899.27760596346798
219	7	938.4566803474172
220	7	910.47405627952219
221	7	935.32449392444607
222	7	993.27496461357975
223	7	1009.6761902336672
224	7	1028.205168202405
225	7	1023.4974223401308
226	7	975.40616084899796
227	7	976.50869357776844
228	7	966.28652364885409
229	7	1000.8032634494742
230	7	1061.6556034060975
231	7	1073.2623639737556
232	7	1095.9253631972508
233	7	1088.0647464021138
234	7	1068.4861670060966
235	7	1109.1352669751868
236	7	1129.9194215894706
237	7	1147.0242778995917
238	7	1188.2383955146013
239	7	1138.6934688627857
240	7	1144.0860478763705
241	7	1118.9092766174656
242	7	1090.9618603808019
243	7	1107.6353728441788
244	7	1133.1787191087069
245	7	1049.4754230490475
246	7	1115.0217660918222
247	7	1112.5854505744799
248	7	1103.0922219004699
249	7	1081.6332153520857
250	7	1094.0462512475115
251	7	1085.1753383367445
252	7	1069.5734478354857
253	7	1064.9193910689642
254	7	1046.8704842252323
255	7	1035.8023140916314
256	7	997.81679396247819
257	7	1014.1876222421524
258	7	1032.3691664260543
259	7	988.63202068861801
260	7	981.17283319118064
261	7	955.55880060059121
262	7	949.45390040978759
263	7	881.48622986977921
264	7	839.85212992181732
265	7	883.48721907679101
266	7	917.07486202031782
267	7	941.34445619162625
268	7	906.86437338534256
269	7	1048.1926678996638
270	7	1017.023354221956
271	7	959.16804420573521
272	7	993.67706309199593
273	7	1015.9885832768059
274	7	1024.0202903785391
275	7	1019.3836704579749
276	7	1011.5578694038725
277	7	992.61952433771376
278	7	1036.5574537760301
279	7	1056.1545864802977
280	7	1037.4949653581346
281	7	1077.6762315529911
282	7	1060.5676132129311
283	7	1127.4723411178461
284	7	1105.1606185068069
285	7	1067.1994805897937
286	7	1007.7086958088382
287	7	990.79198883344361
288	7	962.46867190641774
289	7	991.44858306418018
290	7	1010.3869281303389
291	7	1020.4661192700592
292	7	1178.9425091185083
293	7	1190.0102711864047
294	7	1212.0455905743665
295	7	1236.9245459134295
296	7	1272.1321851545176
297	7	1199.1915107537827
298	7	1220.7912803788054
299	7	1185.9363088188618
300	7	1009.2719277660308
301	7	989.11503052612215
302	7	981.77033400383539
303	7	982.41272256060779
304	7	974.58634440381252
305	7	966.517873870617
306	7	953.07997972158455
307	7	942.7970180716602
308	7	946.7508721772665
309	7	909.55375195589227
310	7	893.57827155928226
311	7	870.1270459444579
312	7	861.25400333594507
313	7	865.45501126634986
314	7	845.34254409536857
315	7	850.83490422018713
316	7	828.95591234888457
317	7	798.89058712192491
318	7	824.66317633360563
319	7	731.70104915677837
320	7	706.14615453551403
321	7	685.70225651206624
322	7	707.63485424112343
323	7	736.92996903720837
324	7	757.39995706108721
325	7	817.55238568466621
326	7	885.59842214575292
327	7	911.17840089870015
328	7	939.45498095620269
329	7	926.4491990890117
330	7	910.59290224204233
331	7	791.66236755902969
332	7	813.92646940260488
333	7	833.96380943771828
334	7	840.62825554542178
335	7	844.02566357791102
336	7	876.34122138717885
337	7	869.58056848925344
338	7	894.114203416902
339	7	902.03834576565896
340	7	914.82979452307131
341	7	921.61535526065154
342	7	959.45323974521807
343	7	993.84361044147113
344	7	1023.0719690552917
345	7	1036.8785427457465
346	7	1008.3149302161216
347	7	886.7429700595419
348	7	884.34225856627131
349	7	876.55000259757082
350	7	909.95611482879076
351	7	902.62256138589214
352	7	932.32747320795534
353	7	921.14587675956591
354	7	938.95699594706002
355	7	952.48459451172789
356	7	905.08187012547387
357	7	832.59162983817384
358	7	850.25659724922014
359	7	867.81591138013687
360	7	860.46807142167404
361	7	841.69489997402138
362	7	842.94881791350804
363	7	788.08541459086632
364	7	807.88600499061249
365	7	819.75080329913567
366	7	798.31411808247947
367	7	819.61489996674595
368	7	794.23622139906684
369	7	790.817363152231
370	7	781.88193178888025
371	7	747.34217036145901
372	7	761.65501333766406
373	7	783.76526618942034
374	7	753.18518223847343
375	7	739.8069098071627
376	7	768.75922275099435
377	7	766.94122604063841
378	7	754.08739221363771
379	7	740.75748349548439
380	7	728.76489958029833
381	7	748.61450182665794
382	7	765.32832610977971
383	7	749.0142799366904
384	7	704.1941061143433
385	7	677.43739245401082
386	7	730.84234204721156
387	7	731.83224119448903
388	7	744.07750089678279
389	7	758.13062308810117
390	7	732.4336744675295
391	7	740.06724068386427
392	7	732.50655226297874
393	7	717.48643010901333
394	7	706.31024357535739
395	7	688.7776998462756
396	7	679.94649459889456
397	7	665.90411127475613
398	7	863.80650192814528
399	7	503.56809288620468
400	7	488.2207059576715
401	7	455.92975546802711
402	7	448.63937341324004
403	7	441.26889517741165
404	7	807.43753334241455
405	7	829.70163518598963
\.


--
-- Data for Name: cg_landmark; Type: TABLE DATA; Schema: public; Owner: postgres
--

COPY cg_landmark (id, latitude, longitude) FROM stdin;
0	8.4048400000000001	49.014279999999999
1	8.4069299999999991	49.011180000000003
2	8.4094300000000004	49.008839999999999
3	8.4142299999999999	49.008749999999999
4	8.4195399999999996	49.008490000000002
5	8.4237699999999993	49.013390000000001
6	8.4221800000000009	49.015810000000002
7	8.4124999999999996	49.015900000000002
\.


--
-- Data for Name: cg_poi_poicat; Type: TABLE DATA; Schema: public; Owner: postgres
--

COPY cg_poi_poicat (category_id, poi_id) FROM stdin;
2	1
1	2
2	3
2	4
\.


--
-- Data for Name: cg_poicategory; Type: TABLE DATA; Schema: public; Owner: postgres
--

COPY cg_poicategory (poicat_id, poicat_name, poicat_icon, poicat_description) FROM stdin;
1	Mensen	../images/icons/mensa.jpg	Mensen die es auf dem Campus gibt.
2	Hrsle	../images/icons/hoersaal.jpg	Alle Hrsle des KIT.
\.


--
-- Data for Name: cg_pois; Type: TABLE DATA; Schema: public; Owner: postgres
--

COPY cg_pois (poi_id, poi_name, poi_latitude, poi_longitude, poi_icon, poi_description) FROM stdin;
3	Audimax	8.4158299999999997	49.012720000000002	../hoersaal/audimax.jpg	Der grte Hrsaal am KIT. Fasst etwa 750 Studenten. Die Sitzpltze sind in zwei Halbkreisen angeordnet. Der Hrsaal hat zwei Beamerflchen.
4	Hrsaal am Fasanengarten	8.4203600000000005	49.014809999999997	../icons/hsaf.jpg	Der Hrsaal am Fasanengarten war frher eine Turnhalle.
1	Gerthsen Hrsaal	8.4115199999999994	49.01258	../images/icons/hoersaal.jpg	Gerthsen Hrsaal, 400 Sitzpltze, 3 Beamer, Physiker-Hrsaal, ...
2	Mensa am Adenauerring	8.4168400000000005	49.011980000000001	../images/icons/mensa.jpg	Das ist die Mensa. Fretempel fr alle Studenten.
\.


--
-- Data for Name: cg_street; Type: TABLE DATA; Schema: public; Owner: postgres
--

COPY cg_street (from_id, to_id, length) FROM stdin;
84	83	21.932391803674147
87	86	19.424569051701113
181	89	112.52939097637022
93	92	46.11919818062951
97	96	32.290950489644402
99	100	35.063799413402066
102	101	10.678554024416378
104	105	16.101076171789082
107	106	15.493246176621918
109	110	15.223286811028746
113	112	10.045232246794422
116	117	32.202152343603814
120	119	20.864618242613766
121	174	29.090042185750562
125	124	11.132456630948342
128	129	64.258346014059839
131	130	92.39519606151471
132	168	96.071076050656529
144	134	51.848855632952407
137	138	32.297943111956087
139	138	15.492954662511602
139	141	27.868117016909935
143	141	74.616228429127915
146	147	23.558637103908456
150	148	40.757245075550998
151	152	22.589942164566132
153	152	50.575017642233014
155	156	15.584511937404066
158	157	30.13599648027899
162	164	100.08242000131058
170	164	30.977891574276683
167	168	34.18461911087207
392	169	123.70261002440925
173	174	24.119615312577359
176	175	17.811372760848428
177	185	51.886994970954909
180	179	10.044782624689736
182	183	30.091752591072595
184	183	11.597028412731389
186	191	38.696776078401065
190	189	29.956065911264933
192	193	25.048117575433828
195	194	18.983364684280087
197	198	21.932185876357678
202	199	14.050100333325547
201	397	59.308424988817471
205	204	57.124853221198201
206	208	49.327622255167505
371	207	30.13599648027899
209	210	28.497759003092611
213	212	30.01917181017085
214	215	34.885593114079114
398	214	13.872825310034356
216	217	10.045681848775034
259	218	89.354414725150164
221	222	57.950470689133738
224	223	18.528977968737909
226	227	22.168553425050689
230	229	60.85233995662351
232	233	31.824053858329293
237	236	17.104856310120976
238	239	53.436400377894735
242	241	27.947416236663791
244	245	139.82516076889516
275	245	30.091752591072595
248	249	21.45900654838422
251	250	21.436895903856495
253	254	18.048906843731732
257	256	29.397535401377262
260	261	25.614032590589378
268	262	43.137706693711344
265	266	33.587642943526774
268	267	34.48008280628374
271	272	34.509018886260606
274	272	37.253901230281798
275	276	7.8258010541024472
278	277	43.937929438316367
280	281	40.181266194856669
283	282	65.138830097373415
284	285	37.961137917013289
300	285	57.927552823762795
286	290	41.562767634905597
289	287	46.360357067118215
288	291	57.997447363641243
291	289	37.375059927177183
292	297	20.249001635274354
296	295	35.207639241088152
301	303	16.793888705528108
328	303	43.137392596775705
306	307	10.282961649924385
309	308	37.197120221374135
312	313	26.914076265231472
318	314	20.679367761762837
316	325	31.293102917132074
320	319	25.55489462126436
321	323	51.227712525142096
324	323	21.174460028720997
326	327	25.579978752947063
329	328	13.005781867191073
332	361	27.768430571416676
337	334	28.9523129438316
336	339	25.697124378480012
339	338	17.523782996544956
341	350	30.687268752440986
344	343	29.228358613820468
347	348	6.570946096190486
349	348	7.7922559687005775
350	352	22.371358379164601
353	352	18.254430307557293
354	355	20.565703689900026
365	357	12.84082653903819
360	361	22.311722611039226
364	363	26.309031910291154
365	366	21.436685216656272
368	367	29.936610343770667
371	372	14.312842976205008
376	375	28.9523129438316
378	379	13.329908718153446
384	380	24.570793465954949
384	385	26.756713660332558
387	386	15.584511937404066
390	393	14.947244358516237
394	393	11.176186533655873
399	121	42.0962621303891
401	400	32.290950489644402
404	370	25.555601553534302
83	89	22.454381234274329
87	88	68.776932742602895
90	91	28.068036884560989
92	113	60.223265777085281
96	99	35.06392822001073
100	99	35.063799413402066
102	103	43.469684913796634
105	104	16.101076171789082
106	111	15.950582353091178
110	109	15.223286811028746
112	114	5.5646052717547878
117	116	32.202152343603814
119	127	165.27616807521753
174	121	29.090042185750562
124	128	59.305378829102807
129	128	64.258346014059839
130	133	45.484752029615422
168	132	96.071076050656529
135	136	22.742574606056081
138	137	32.297943111956087
138	145	48.940450348747895
141	139	27.868117016909935
145	147	21.173180205611182
147	146	23.558637103908456
149	151	22.168145956073712
152	151	22.589942164566132
153	154	25.651210703750046
156	155	15.584511937404066
158	160	37.855697885302504
164	162	100.08242000131058
165	166	63.535181446601463
168	167	34.18461911087207
170	171	10.951668471595925
174	173	24.119615312577359
176	177	42.358090852949829
185	177	51.886994970954909
180	181	23.391060545200794
183	182	30.091752591072595
184	185	13.557017253754852
191	186	38.696776078401065
189	191	21.087255114923561
193	192	25.048117575433828
194	198	7.8263781567951742
198	197	21.932185876357678
199	200	23.422705041294417
397	201	59.308424988817471
204	207	70.267986574813449
208	206	49.327622255167505
207	375	22.600735925982725
210	209	28.497759003092611
213	398	27.835198299454159
215	214	34.885593114079114
215	216	33.026528082509174
217	216	10.045681848775034
219	220	27.982624067894953
222	221	57.950470689133738
224	225	53.153353139906507
227	226	22.168553425050689
230	231	11.606760567658016
233	232	31.824053858329293
236	240	14.166626286899726
239	238	53.436400377894735
242	243	16.67351246337693
245	244	139.82516076889516
245	281	102.37754634156732
249	248	21.45900654838422
251	252	15.601890501258836
254	253	18.048906843731732
256	260	16.643960771297508
261	260	25.614032590589378
263	264	41.634099947961815
266	265	33.587642943526774
269	270	31.169313677707901
272	271	34.509018886260606
273	274	29.228358613820468
276	275	7.8258010541024472
277	355	40.134929825985758
281	280	40.181266194856669
282	291	40.101493942871883
285	284	37.961137917013289
286	287	28.9523129438316
290	286	41.562767634905597
287	290	61.137418984286946
291	288	57.997447363641243
290	291	33.606731950595005
297	292	20.249001635274354
297	298	21.59976962502283
303	301	16.793888705528108
304	305	8.0684705331953932
307	306	10.282961649924385
309	310	15.975480396610168
313	312	26.914076265231472
315	316	21.878991871302549
325	316	31.293102917132074
320	321	20.443898023447726
323	321	51.227712525142096
324	325	60.152428623578885
327	326	25.579978752947063
329	330	15.85629684696932
361	332	27.768430571416676
334	360	19.839815876252235
339	336	25.697124378480012
338	340	20.715591106169395
350	341	30.687268752440986
343	346	14.471319774650473
348	347	6.570946096190486
349	359	20.050634345430808
352	350	22.371358379164601
352	355	20.157121303772559
355	354	20.565703689900026
357	367	41.130748541192993
361	360	22.311722611039226
363	383	39.071134654175957
366	365	21.436685216656272
368	369	3.4188582468358071
372	371	14.312842976205008
375	380	56.254700785159017
379	378	13.329908718153446
381	382	16.713824283121699
385	384	26.756713660332558
387	388	12.245259702293726
393	390	14.947244358516237
394	395	17.532543729081855
121	399	42.0962621303891
401	402	7.2903820547871163
370	404	25.555601553534302
89	83	22.454381234274329
88	87	68.776932742602895
91	90	28.068036884560989
113	92	60.223265777085281
99	96	35.06392822001073
100	101	16.101076171789082
103	102	43.469684913796634
104	115	11.734853457274381
111	106	15.950582353091178
109	112	44.6623950956538
114	112	5.5646052717547878
117	118	10.445937507838863
127	119	165.27616807521753
122	123	57.904547889546109
128	124	59.305378829102807
129	130	19.274014963620232
133	130	45.484752029615422
133	134	16.829082259246732
136	135	22.742574606056081
137	144	84.917305432945795
145	138	48.940450348747895
140	159	65.715096887648528
147	145	21.173180205611182
146	148	12.926362884023844
151	149	22.168145956073712
151	161	19.554111644371876
154	153	25.651210703750046
156	157	54.132204990458924
160	158	37.855697885302504
163	220	260.81894069123223
166	165	63.535181446601463
168	169	14.490033502596557
171	170	10.951668471595925
174	175	133.90895959360671
177	176	42.358090852949829
178	179	40.17283515529121
181	180	23.391060545200794
182	196	21.507149962881083
185	184	13.557017253754852
187	188	18.980747421371632
191	189	21.087255114923561
192	194	31.203636261496346
198	194	7.8263781567951742
197	200	39.818026899982151
200	199	23.422705041294417
202	203	23.479711544721074
207	204	70.267986574813449
206	211	42.58184018313775
375	207	22.600735925982725
210	211	48.222562276243352
398	213	27.835198299454159
214	216	49.123569850943696
216	215	33.026528082509174
217	218	31.475865229406338
220	219	27.982624067894953
221	226	40.081666924551897
225	224	53.153353139906507
227	228	10.222169928914322
231	230	11.606760567658016
233	234	19.57857939601713
240	236	14.166626286899726
239	241	19.784192245320163
243	242	16.67351246337693
244	246	41.635510161025778
281	245	102.37754634156732
249	250	12.413035895425885
252	251	15.601890501258836
254	255	11.068170133600976
260	256	16.643960771297508
261	262	6.1049001908036011
264	263	41.634099947961815
265	268	23.377154308551571
270	269	31.169313677707901
271	354	20.211048258675167
274	273	29.228358613820468
276	277	18.938345066158806
355	277	40.134929825985758
280	290	27.108037227795528
291	282	40.101493942871883
284	292	73.78189061170157
287	286	28.9523129438316
286	291	20.156897239908528
290	287	61.137418984286946
288	327	51.290271007717799
291	290	33.606731950595005
293	299	76.581278244743615
298	297	21.59976962502283
302	308	35.019461826568843
305	304	8.0684705331953932
306	308	12.828862268474881
310	309	15.975480396610168
312	314	15.911459240576509
316	315	21.878991871302549
317	318	25.772589211680728
321	320	20.443898023447726
322	331	84.027513317906227
325	324	60.152428623578885
326	339	28.563454409923402
330	329	15.85629684696932
333	334	6.6644461077036565
360	334	19.839815876252235
337	347	53.406471831774908
340	338	20.715591106169395
340	342	44.623445222146714
346	343	14.471319774650473
347	349	10.192967461971099
359	349	20.050634345430808
351	353	22.275864516505834
355	352	20.157121303772559
356	357	72.490240287299869
367	357	41.130748541192993
361	362	14.489721805183184
383	363	39.071134654175957
366	367	21.300781884266573
369	368	3.4188582468358071
373	374	30.580083950946957
380	375	56.254700785159017
379	380	11.992583915185946
382	381	16.713824283121699
384	388	51.888213574208514
388	387	12.245259702293726
391	392	15.373261919119185
395	394	17.532543729081855
399	165	42.759553052863865
402	401	7.2903820547871163
404	216	73.092402989312461
84	85	9.4918012996867791
87	90	18.287060195752208
91	92	10.753154977336283
93	94	23.388357202302036
97	98	32.202993852269195
101	100	16.101076171789082
103	176	38.712645934766542
115	104	11.734853457274381
107	108	27.03730250008671
112	109	44.6623950956538
115	116	35.944343996507925
118	117	10.445937507838863
120	121	62.30920555731754
123	122	57.904547889546109
125	126	8.8730426085127636
130	129	19.274014963620232
131	163	98.135091987349398
134	133	16.829082259246732
136	137	24.923392282786601
144	137	84.917305432945795
138	160	34.516739800619995
159	140	65.715096887648528
145	146	33.570695721728192
148	146	12.926362884023844
150	153	25.047035684570318
161	151	19.554111644371876
154	155	54.861180587406949
157	156	54.132204990458924
158	159	56.263210443356044
220	163	260.81894069123223
165	173	58.973399745640101
169	168	14.490033502596557
171	172	34.578445052301163
175	174	133.90895959360671
177	178	49.002242124559956
179	178	40.17283515529121
180	322	44.581726106206261
196	182	21.507149962881083
185	186	6.6644461077036565
188	187	18.980747421371632
190	193	40.240907429687255
194	192	31.203636261496346
195	197	7.6116434055130187
200	197	39.818026899982151
200	203	13.330247535176266
203	202	23.479711544721074
205	206	20.090464493595071
211	206	42.58184018313775
208	209	14.050743226109216
211	210	48.222562276243352
213	216	29.172367612373531
216	214	49.123569850943696
215	218	9.1709034135378538
218	217	31.475865229406338
219	228	27.829843301436959
226	221	40.081666924551897
225	226	48.09126149113272
228	227	10.222169928914322
231	232	22.66299922349533
234	233	19.57857939601713
237	238	41.214117615009648
241	239	19.784192245320163
242	258	58.592693954747475
246	244	41.635510161025778
246	247	26.726650876457011
250	249	12.413035895425885
252	253	35.119142681083126
255	254	11.068170133600976
257	258	18.181544183901945
262	261	6.1049001908036011
264	265	43.635089154973656
268	265	23.377154308551571
269	272	57.694898872997207
354	271	20.211048258675167
274	275	15.876222905120946
277	276	18.938345066158806
278	279	20.090689298358431
290	280	27.108037227795528
283	284	22.311722611039226
292	284	73.78189061170157
286	288	45.240023902420312
291	286	20.156897239908528
287	328	51.337007877240815
327	288	51.290271007717799
292	293	11.067762067896426
299	293	76.581278244743615
300	301	20.156897239908528
308	302	35.019461826568843
305	306	13.437894149032457
308	306	12.828862268474881
310	311	23.451225614824345
314	312	15.911459240576509
315	330	59.757998021855187
318	317	25.772589211680728
320	324	51.253802525573192
331	322	84.027513317906227
325	326	68.046036461086786
339	326	28.563454409923402
331	332	22.264101843575041
334	333	6.6644461077036565
335	336	32.315557809267901
347	337	53.406471831774908
340	341	9.4918012996867791
342	340	44.623445222146714
344	345	15.601890501258836
349	347	10.192967461971099
349	358	26.293405348350671
353	351	22.275864516505834
353	356	16.064006634092131
357	356	72.490240287299869
358	359	17.559314130916803
362	361	14.489721805183184
364	365	30.056160320338723
367	366	21.300781884266573
369	370	8.9354313633508013
374	373	30.580083950946957
376	377	16.428190024723982
380	379	11.992583915185946
382	383	17.55905691754101
388	384	51.888213574208514
389	390	25.69694862057171
392	391	15.373261919119185
395	396	8.8312052473809928
165	399	42.759553052863865
402	403	7.3704782358283758
216	404	73.092402989312461
85	84	9.4918012996867791
90	87	18.287060195752208
92	91	10.753154977336283
94	93	23.388357202302036
98	97	32.202993852269195
100	181	48.006381969186279
176	103	38.712645934766542
105	106	40.218229473475994
108	107	27.03730250008671
110	11	482.08796255735331
116	115	35.944343996507925
118	119	26.378466417486177
121	120	62.30920555731754
123	124	95.026344617081051
126	125	8.8730426085127636
129	132	84.605912370688841
163	131	98.135091987349398
134	135	81.315669696108074
137	136	24.923392282786601
137	145	36.916431978844955
160	138	34.516739800619995
141	142	19.274483615583474
146	145	33.570695721728192
148	149	18.856607780660575
153	150	25.047035684570318
151	162	19.994467781776972
155	154	54.861180587406949
156	159	31.169313677707901
159	158	56.263210443356044
164	165	8.1081165318271857
173	165	58.973399745640101
169	170	23.390288193397073
172	171	34.578445052301163
174	190	35.689625628527679
178	177	49.002242124559956
178	182	35.84594992449459
322	180	44.581726106206261
182	385	36.764291137181743
186	185	6.6644461077036565
187	189	43.091929117159417
193	190	40.240907429687255
193	201	30.065024782516254
197	195	7.6116434055130187
198	199	10.952080862855144
203	200	13.330247535176266
203	204	8.9349258941741354
206	205	20.090464493595071
207	208	54.13437422666933
209	208	14.050743226109216
210	213	32.356900644158884
216	213	29.172367612373531
214	392	122.71455717287242
218	215	9.1709034135378538
217	263	8.0320033170444756
228	219	27.829843301436959
222	223	16.401225620087409
226	225	48.09126149113272
228	229	34.516739800619995
232	231	22.66299922349533
235	236	20.78415461428385
238	237	41.214117615009648
240	241	84.576013004902961
258	242	58.592693954747475
244	250	39.132467861195209
247	246	26.726650876457011
249	253	16.713824283121699
253	252	35.119142681083126
255	256	37.985520129153144
258	257	18.181544183901945
262	263	67.967670540008484
265	264	43.635089154973656
266	267	26.726481888891598
272	269	57.694898872997207
272	273	22.311520184810121
275	274	15.876222905120946
276	279	44.5967170764252
279	278	20.090689298358431
281	282	59.239238584262772
284	283	22.311722611039226
285	286	60.039848125970323
288	286	45.240023902420312
287	288	35.847713829422226
328	287	51.337007877240815
289	290	18.938345066158806
293	292	11.067762067896426
294	295	24.878955339062998
301	300	20.156897239908528
303	304	7.8263781567951742
306	305	13.437894149032457
307	330	32.204115829617876
311	310	23.451225614824345
314	315	12.285396732971778
330	315	59.757998021855187
317	319	67.189537965146528
324	320	51.253802525573192
322	387	24.197386953365633
326	325	68.046036461086786
327	328	35.118756867377364
332	331	22.264101843575041
333	335	10.061854140192876
336	335	32.315557809267901
337	338	24.533634927648531
341	340	9.4918012996867791
342	343	34.390370696253001
345	344	15.601890501258836
348	350	25.613856262519416
358	349	26.293405348350671
351	358	52.365964136671913
356	353	16.064006634092131
357	358	17.664967411046209
359	358	17.559314130916803
362	363	54.863403322641787
365	364	30.056160320338723
366	372	36.659104744815401
370	369	8.9354313633508013
374	375	13.378272431310682
377	376	16.428190024723982
380	381	19.849602246359666
383	382	17.55905691754101
385	386	53.404949593200733
390	389	25.69694862057171
391	398	123.73926124428091
396	395	8.8312052473809928
399	400	15.347386928533082
403	402	7.3704782358283758
404	405	22.264101843575041
84	86	24.588065916923309
89	90	21.150557227971515
91	96	42.47904485608376
93	95	16.101076171789082
98	99	33.594768982456756
181	100	48.006381969186279
103	104	17.870862726705983
106	105	40.218229473475994
108	109	13.726527936105432
11	110	482.08796255735331
115	175	25.554364409227965
119	118	26.378466417486177
121	122	11.597417855732747
124	123	95.026344617081051
126	127	73.221494108873898
132	129	84.605912370688841
132	166	51.276884626507218
135	134	81.315669696108074
136	147	38.961743527559889
145	137	36.916431978844955
139	140	45.034700194228414
142	141	19.274483615583474
145	160	36.522713342121833
149	148	18.856607780660575
150	157	46.741072569499408
162	151	19.994467781776972
154	157	15.601890501258836
159	156	31.169313677707901
161	163	35.845193938668473
165	164	8.1081165318271857
166	167	13.00508731794665
170	169	23.390288193397073
171	173	76.063250270437678
190	174	35.689625628527679
177	182	61.642110568840543
182	178	35.84594992449459
181	321	44.533680523935281
385	182	36.764291137181743
186	187	21.263856228614156
189	187	43.091929117159417
191	192	19.537936896373722
201	193	30.065024782516254
196	197	26.308516896860777
199	198	10.952080862855144
201	202	7.9278635815327423
204	203	8.9349258941741354
205	391	70.424257552550685
208	207	54.13437422666933
209	212	31.382458433644732
213	210	32.356900644158884
213	215	48.734035484168047
392	214	122.71455717287242
215	220	38.786076001260099
263	217	8.0320033170444756
220	221	24.850437644923865
223	222	16.401225620087409
225	234	44.988744665966095
229	228	34.516739800619995
231	235	35.872903001431226
236	235	20.78415461428385
237	239	55.865250831179573
241	240	84.576013004902961
243	246	7.3863932476433529
250	244	39.132467861195209
247	248	9.4932286740099467
253	249	16.713824283121699
252	269	21.380779935821838
256	255	37.985520129153144
257	259	25.555601553534302
263	262	67.967670540008484
264	369	49.034766769586298
267	266	26.726481888891598
270	271	57.855310016220599
273	272	22.311520184810121
274	276	12.462420974666514
279	276	44.5967170764252
279	280	57.225332879159538
282	281	59.239238584262772
283	297	75.340695582966035
286	285	60.039848125970323
286	289	35.119014076985486
288	287	35.847713829422226
288	289	28.979911157762317
290	289	18.938345066158806
293	294	22.035319387961867
295	294	24.878955339062998
301	302	7.3446965222869096
304	303	7.8263781567951742
305	329	41.025418257580782
330	307	32.204115829617876
311	312	8.8730426085127636
315	314	12.285396732971778
316	317	30.065325226959644
319	317	67.189537965146528
321	322	21.932597729057143
387	322	24.197386953365633
325	335	30.327966950299537
328	327	35.118756867377364
332	333	20.037340035113392
335	333	10.061854140192876
336	337	16.830424066622371
338	337	24.533634927648531
341	347	34.872385201109672
343	342	34.390370696253001
345	346	28.563612529624866
350	348	25.613856262519416
350	351	16.793619768795971
358	351	52.365964136671913
353	354	17.811119187494192
358	357	17.664967411046209
359	360	40.220475386009149
363	362	54.863403322641787
364	373	24.120738801192108
372	366	36.659104744815401
370	371	34.539761427421219
375	374	13.378272431310682
377	378	12.85383382700063
381	380	19.849602246359666
383	384	44.820173822346952
386	385	53.404949593200733
390	391	7.6335662163347875
398	391	123.73926124428091
396	397	14.042383324138475
400	399	15.347386928533082
403	123	29.955462827687541
405	404	22.264101843575041
86	84	24.588065916923309
90	89	21.150557227971515
96	91	42.47904485608376
95	93	16.101076171789082
5	6	40.181153792632209
6	5	40.181153792632209
5	11	62.14982555365328
11	5	62.14982555365328
6	7	34.855026022590067
7	6	34.855026022590067
7	8	47.449584184333602
8	7	47.449584184333602
7	13	42.510185790145755
13	7	42.510185790145755
8	9	46.03362582102551
9	8	46.03362582102551
8	10	16.136381290448433
10	8	16.136381290448433
9	12	58.001107297124221
12	9	58.001107297124221
9	13	68.337522167295788
13	9	68.337522167295788
9	17	55.538324948442813
17	9	55.538324948442813
10	11	27.073360265608894
11	10	27.073360265608894
11	12	28.496332605537486
12	11	28.496332605537486
12	31	100.85468375912623
31	12	100.85468375912623
13	14	52.404933712763601
14	13	52.404933712763601
14	15	33.345670518370831
15	14	33.345670518370831
14	21	49.285119913573574
21	14	49.285119913573574
15	19	36.337120365550838
19	15	36.337120365550838
15	16	17.786759313973803
16	15	17.786759313973803
16	17	39.046273656896602
17	16	39.046273656896602
16	18	35.872147583626422
18	16	35.872147583626422
17	28	63.882906386595714
28	17	63.882906386595714
18	19	17.223266851449615
19	18	17.223266851449615
18	26	35.015592515041362
26	18	35.015592515041362
19	20	12.492825996965653
20	19	12.492825996965653
20	21	32.806030896008096
21	20	32.806030896008096
20	24	33.224635172491524
24	20	33.224635172491524
21	22	45.339747214351668
22	21	45.339747214351668
22	23	30.779997282394724
23	22	30.779997282394724
22	59	39.097597121140545
59	22	39.097597121140545
23	24	13.309224569198342
24	23	13.309224569198342
23	54	40.412933422989347
54	23	40.412933422989347
24	25	15.951148649306829
25	24	15.951148649306829
25	26	11.067353987146037
26	25	11.067353987146037
25	53	54.080952353489671
53	25	54.080952353489671
26	27	69.809044420197509
27	26	69.809044420197509
27	28	12.940331294068805
28	27	12.940331294068805
27	42	59.620891355439838
42	27	59.620891355439838
28	29	93.647907019998797
29	28	93.647907019998797
29	30	7.9369734536350807
30	29	7.9369734536350807
29	36	8.333369591543164
36	29	8.333369591543164
30	31	7.9278635815327423
31	30	7.9278635815327423
31	32	7.6116434055130187
32	31	7.6116434055130187
32	33	7.6329745358148626
33	32	7.6329745358148626
33	34	7.9375424734912539
34	33	7.9375424734912539
34	35	7.0292278231763543
35	34	7.0292278231763543
34	37	163.00282619693917
37	34	163.00282619693917
35	36	8.6042878527075999
36	35	8.6042878527075999
36	38	163.73251387750196
38	36	163.73251387750196
37	38	14.489721805183184
38	37	14.489721805183184
37	114	119.34222667297853
114	37	119.34222667297853
38	39	40.6101516135883
39	38	40.6101516135883
38	113	119.43078799347187
113	38	119.43078799347187
39	40	53.60854438871678
40	39	53.60854438871678
39	94	76.735992935418338
94	39	76.735992935418338
40	41	68.963702182706598
41	40	68.963702182706598
40	88	53.404273028795672
88	40	53.404273028795672
41	42	75.389476742764586
42	41	75.389476742764586
41	46	65.232504836341292
46	41	65.232504836341292
41	78	80.953951465951491
78	41	80.953951465951491
42	43	17.87894817570092
43	42	17.87894817570092
43	44	35.741725453447046
44	43	35.741725453447046
44	45	7.3015247017740172
45	44	7.3015247017740172
46	47	18.739600516041737
47	46	18.739600516041737
47	49	53.610313585048011
49	47	53.610313585048011
47	48	3.6439517987234327
48	47	3.6439517987234327
48	60	65.714134690690827
60	48	65.714134690690827
48	63	48.424628797941111
63	48	48.424628797941111
49	50	20.805873557902476
50	49	20.805873557902476
49	51	35.573899509608239
51	49	35.573899509608239
51	52	9.3696797515426411
52	51	9.3696797515426411
51	56	14.116164486823919
56	51	14.116164486823919
52	53	18.235121565304436
53	52	18.235121565304436
52	55	14.043026570208491
55	52	14.043026570208491
53	54	14.689700505211631
54	53	14.689700505211631
54	55	17.435933570884739
55	54	17.435933570884739
54	59	30.638219642567819
59	54	30.638219642567819
55	56	10.678554024416378
56	55	10.678554024416378
56	57	17.709398657301996
57	56	17.709398657301996
57	58	14.689700505211631
58	57	14.689700505211631
57	50	70.870613534462521
50	57	70.870613534462521
58	59	26.619127825555463
59	58	26.619127825555463
60	61	40.306623758629584
61	60	40.306623758629584
61	62	30.780290748038201
62	61	30.780290748038201
61	67	37.293644940124331
67	61	37.293644940124331
62	63	44.530637920030294
63	62	44.530637920030294
63	64	45.239424899118049
64	63	45.239424899118049
64	65	58.037849576494999
65	64	58.037849576494999
64	69	58.868538712575294
69	64	58.868538712575294
64	77	106.66713416031622
77	64	106.66713416031622
65	66	20.211048258675167
66	65	20.211048258675167
66	67	9.1812396020691818
67	66	9.1812396020691818
67	68	6.7786751975095489
68	67	6.7786751975095489
68	299	62.112025411100788
299	68	62.112025411100788
69	70	78.79382493515314
70	69	78.79382493515314
69	300	68.047961266976102
300	69	68.047961266976102
70	71	16.917413264517975
71	70	16.917413264517975
70	310	36.86929993724241
310	70	36.86929993724241
71	72	11.981657416002847
72	71	11.981657416002847
72	73	8.5521641056549935
73	72	8.5521641056549935
73	74	12.92671227823374
74	73	12.92671227823374
74	75	12.28576435559804
75	74	12.28576435559804
74	313	25.036214204586866
313	74	25.036214204586866
75	76	35.707085007637922
76	75	35.707085007637922
75	81	48.067401338713815
81	75	48.067401338713815
76	77	13.603245641081109
77	76	13.603245641081109
77	78	8.5516359823886301
78	77	8.5516359823886301
78	79	30.13599648027899
79	78	30.13599648027899
79	80	16.311760709856994
80	79	16.311760709856994
79	88	63.603103288853127
88	79	63.603103288853127
80	81	38.761614768658461
81	80	38.761614768658461
81	82	33.025707557842701
82	81	33.025707557842701
81	85	23.558828814447079
85	81	23.558828814447079
82	83	25.645047446851045
83	82	25.645047446851045
82	313	63.657615620723213
313	82	63.657615620723213
83	84	21.932391803674147
86	87	19.424569051701113
89	181	112.52939097637022
92	93	46.11919818062951
96	97	32.290950489644402
99	98	33.594768982456756
101	102	10.678554024416378
104	103	17.870862726705983
106	107	15.493246176621918
109	108	13.726527936105432
112	113	10.045232246794422
175	115	25.554364409227965
119	120	20.864618242613766
122	121	11.597417855732747
124	125	11.132456630948342
127	126	73.221494108873898
130	131	92.39519606151471
166	132	51.276884626507218
134	144	51.848855632952407
147	136	38.961743527559889
138	139	15.492954662511602
140	139	45.034700194228414
141	143	74.616228429127915
160	145	36.522713342121833
148	150	40.757245075550998
157	150	46.741072569499408
152	153	50.575017642233014
157	154	15.601890501258836
157	158	30.13599648027899
163	161	35.845193938668473
164	170	30.977891574276683
167	166	13.00508731794665
169	392	123.70261002440925
173	171	76.063250270437678
175	176	17.811372760848428
182	177	61.642110568840543
179	180	10.044782624689736
321	181	44.533680523935281
183	184	11.597028412731389
187	186	21.263856228614156
189	190	29.956065911264933
192	191	19.537936896373722
194	195	18.983364684280087
197	196	26.308516896860777
199	202	14.050100333325547
202	201	7.9278635815327423
204	205	57.124853221198201
391	205	70.424257552550685
207	371	30.13599648027899
212	209	31.382458433644732
212	213	30.01917181017085
215	213	48.734035484168047
214	398	13.872825310034356
220	215	38.786076001260099
218	259	89.354414725150164
221	220	24.850437644923865
223	224	18.528977968737909
234	225	44.988744665966095
229	230	60.85233995662351
235	231	35.872903001431226
236	237	17.104856310120976
239	237	55.865250831179573
241	242	27.947416236663791
246	243	7.3863932476433529
245	275	30.091752591072595
248	247	9.4932286740099467
250	251	21.436895903856495
269	252	21.380779935821838
256	257	29.397535401377262
259	257	25.555601553534302
262	268	43.137706693711344
369	264	49.034766769586298
267	268	34.48008280628374
271	270	57.855310016220599
272	274	37.253901230281798
276	274	12.462420974666514
277	278	43.937929438316367
280	279	57.225332879159538
282	283	65.138830097373415
297	283	75.340695582966035
285	300	57.927552823762795
289	286	35.119014076985486
287	289	46.360357067118215
289	288	28.979911157762317
289	291	37.375059927177183
294	293	22.035319387961867
295	296	35.207639241088152
302	301	7.3446965222869096
303	328	43.137392596775705
329	305	41.025418257580782
308	309	37.197120221374135
312	311	8.8730426085127636
314	318	20.679367761762837
317	316	30.065325226959644
319	320	25.55489462126436
322	321	21.932597729057143
323	324	21.174460028720997
335	325	30.327966950299537
328	329	13.005781867191073
333	332	20.037340035113392
334	337	28.9523129438316
337	336	16.830424066622371
338	339	17.523782996544956
347	341	34.872385201109672
343	344	29.228358613820468
346	345	28.563612529624866
348	349	7.7922559687005775
351	350	16.793619768795971
352	353	18.254430307557293
354	353	17.811119187494192
357	365	12.84082653903819
360	359	40.220475386009149
363	364	26.309031910291154
373	364	24.120738801192108
367	368	29.936610343770667
371	370	34.539761427421219
375	376	28.9523129438316
378	377	12.85383382700063
380	384	24.570793465954949
384	383	44.820173822346952
386	387	15.584511937404066
391	390	7.6335662163347875
393	394	11.176186533655873
397	396	14.042383324138475
400	401	32.290950489644402
123	403	29.955462827687541
\.


--
-- Data for Name: cg_streetnode; Type: TABLE DATA; Schema: public; Owner: postgres
--

COPY cg_streetnode (id, latitude, longitude) FROM stdin;
5	8.4052399999999992	49.013910000000003
6	8.4052000000000007	49.013550000000002
7	8.4053799999999992	49.013260000000002
8	8.4058700000000002	49.013539999999999
9	8.4064300000000003	49.013350000000003
10	8.4060299999999994	49.013640000000002
11	8.4060900000000007	49.01388
12	8.4064800000000002	49.013869999999997
13	8.4057200000000005	49.012949999999996
14	8.4062000000000001	49.012599999999999
15	8.4065399999999997	49.012799999999999
16	8.4067299999999996	49.012900000000002
17	8.4071200000000008	49.01314
18	8.4070400000000003	49.012650000000001
19	8.40686	49.012549999999997
20	8.4069800000000008	49.01247
21	8.4066500000000008	49.012270000000001
22	8.4070699999999992	49.011969999999998
23	8.4073899999999995	49.012149999999998
24	8.4072700000000005	49.012239999999998
25	8.4074399999999994	49.012329999999999
26	8.4073499999999992	49.012410000000003
27	8.4080600000000008	49.012830000000001
28	8.4078999999999997	49.012880000000003
29	8.4079700000000006	49.013719999999999
30	8.4078800000000005	49.013759999999998
31	8.4078599999999994	49.013829999999999
32	8.4079099999999993	49.013890000000004
33	8.4080100000000009	49.013910000000003
34	8.4080999999999992	49.013869999999997
35	8.4081299999999999	49.013809999999999
36	8.40808	49.013739999999999
37	8.4103300000000001	49.013800000000003
38	8.4103200000000005	49.013669999999998
39	8.4102300000000003	49.013309999999997
40	8.4100699999999993	49.012839999999997
41	8.4097000000000008	49.012270000000001
42	8.4087899999999998	49.012590000000003
43	8.4089100000000006	49.012729999999998
44	8.4089500000000008	49.01305
45	8.4090500000000006	49.01305
46	8.4092599999999997	49.011760000000002
47	8.4090799999999994	49.01164
48	8.4090600000000002	49.011609999999997
49	8.4085599999999996	49.011980000000001
50	8.4083900000000007	49.012129999999999
51	8.4081799999999998	49.011780000000002
52	8.4080899999999996	49.011839999999999
53	8.4079200000000007	49.011960000000002
54	8.4077599999999997	49.011879999999998
55	8.4079300000000003	49.011769999999999
56	8.4080300000000001	49.011699999999998
57	8.4078300000000006	49.011609999999997
58	8.4076699999999995	49.01153
59	8.4074299999999997	49.011710000000001
60	8.4084599999999998	49.01117
61	8.4088100000000008	49.010890000000003
62	8.4091299999999993	49.011069999999997
63	8.4095800000000001	49.011339999999997
64	8.4100800000000007	49.011099999999999
65	8.4095200000000006	49.010730000000002
66	8.4092500000000001	49.010689999999997
67	8.4091500000000003	49.010640000000002
68	8.4090799999999994	49.010599999999997
69	8.4107099999999999	49.010770000000001
70	8.4113699999999998	49.011330000000001
71	8.4114900000000006	49.01146
72	8.4115800000000007	49.01155
73	8.4114799999999992	49.011589999999998
74	8.4115699999999993	49.011690000000002
75	8.4114199999999997	49.011740000000003
76	8.4109800000000003	49.011879999999998
77	8.4108099999999997	49.01193
78	8.4107099999999999	49.011969999999998
79	8.4107400000000005	49.012239999999998
80	8.4109499999999997	49.012189999999997
81	8.4114799999999992	49.012169999999998
82	8.4119299999999999	49.012140000000002
83	8.4119499999999992	49.012369999999997
84	8.4116499999999998	49.01238
85	8.4115199999999994	49.01238
86	8.4116800000000005	49.012599999999999
87	8.41174	49.012770000000003
88	8.4108000000000001	49.012810000000002
89	8.4119899999999994	49.012569999999997
90	8.4119899999999994	49.01276
91	8.4120399999999993	49.013010000000001
92	8.4118999999999993	49.013039999999997
93	8.41127	49.013069999999999
94	8.4112799999999996	49.013280000000002
95	8.4110499999999995	49.013080000000002
96	8.4126200000000004	49.012979999999999
97	8.4126100000000008	49.012689999999999
98	8.4130500000000001	49.01267
99	8.4131	49.012970000000003
100	8.4135799999999996	49.01296
101	8.4138000000000002	49.012970000000003
102	8.4138999999999999	49.013039999999997
103	8.4139300000000006	49.01343
104	8.4139499999999998	49.013590000000001
105	8.4137299999999993	49.013599999999997
106	8.4131800000000005	49.013620000000003
107	8.4130500000000001	49.013730000000002
108	8.4126799999999999	49.013739999999999
109	8.4125700000000005	49.013640000000002
110	8.4126700000000003	49.01352
111	8.4130400000000005	49.013509999999997
112	8.4119600000000005	49.013669999999998
113	8.4119499999999992	49.013579999999997
114	8.4119600000000005	49.013719999999999
115	8.4141100000000009	49.013579999999997
116	8.4143799999999995	49.013849999999998
117	8.4148200000000006	49.013869999999997
118	8.41493	49.013930000000002
119	8.4152900000000006	49.013950000000001
120	8.4154800000000005	49.013809999999999
121	8.4163300000000003	49.013759999999998
122	8.4164100000000008	49.013849999999998
123	8.4164300000000001	49.01437
124	8.4165500000000009	49.015219999999999
125	8.4165500000000009	49.015320000000003
126	8.4164700000000003	49.01538
127	8.4154699999999991	49.015430000000002
128	8.4173600000000004	49.015180000000001
129	8.4182400000000008	49.015189999999997
130	8.4184999999999999	49.015219999999999
131	8.4184999999999999	49.014389999999999
132	8.4182500000000005	49.014429999999997
133	8.4191199999999995	49.015259999999998
134	8.4193499999999997	49.015270000000001
135	8.4193099999999994	49.014539999999997
136	8.4196200000000001	49.014519999999997
137	8.4199599999999997	49.014499999999998
138	8.4204000000000008	49.014470000000003
139	8.4206099999999999	49.014449999999997
140	8.4212199999999999	49.014389999999999
141	8.4206299999999992	49.014699999999998
142	8.4203700000000001	49.01473
143	8.4206599999999998	49.015369999999997
144	8.4200599999999994	49.015259999999998
145	8.4199099999999998	49.01417
146	8.4195799999999998	49.013959999999997
147	8.4196200000000001	49.01417
148	8.4194899999999997	49.013860000000001
149	8.4193700000000007	49.013710000000003
150	8.41981	49.013559999999998
151	8.4191400000000005	49.013579999999997
152	8.4193999999999996	49.013469999999998
153	8.4200900000000001	49.01343
154	8.4204399999999993	49.01341
155	8.4211899999999993	49.013379999999998
156	8.4211899999999993	49.01352
157	8.4204500000000007	49.013550000000002
158	8.42042	49.013820000000003
159	8.4211899999999993	49.013800000000003
160	8.4204100000000004	49.014159999999997
161	8.4189100000000003	49.013489999999997
162	8.4188700000000001	49.01361
163	8.4184199999999993	49.013509999999997
164	8.4175000000000004	49.013640000000002
165	8.4173899999999993	49.013649999999998
166	8.4181000000000008	49.013979999999997
167	8.4180399999999995	49.013869999999997
168	8.4181399999999993	49.013570000000001
169	8.4181299999999997	49.013440000000003
170	8.4178099999999993	49.013449999999999
171	8.4176599999999997	49.013449999999999
172	8.4176300000000008	49.01314
173	8.41662	49.013489999999997
174	8.41629	49.013500000000001
175	8.4144600000000001	49.013579999999997
176	8.4144600000000001	49.013420000000004
177	8.4144299999999994	49.013039999999997
178	8.4144100000000002	49.012599999999999
179	8.4138599999999997	49.012610000000002
180	8.4138500000000001	49.012520000000002
181	8.4135299999999997	49.012529999999998
182	8.4148999999999994	49.01258
183	8.4149200000000004	49.01285
184	8.4149999999999991	49.01294
185	8.4151399999999992	49.013019999999997
186	8.4152299999999993	49.013010000000001
187	8.41526	49.013199999999998
188	8.4152799999999992	49.013370000000002
189	8.4158500000000007	49.013190000000002
190	8.4162599999999994	49.013179999999998
191	8.4157600000000006	49.013010000000001
192	8.41587	49.01285
193	8.4162099999999995	49.012819999999998
194	8.4158500000000007	49.012569999999997
195	8.4155899999999999	49.012569999999997
196	8.4151799999999994	49.012520000000002
197	8.41554	49.012509999999999
198	8.4158399999999993	49.012500000000003
199	8.4159900000000007	49.012500000000003
200	8.4159699999999997	49.01229
201	8.4161999999999999	49.012549999999997
202	8.4161800000000007	49.012479999999996
203	8.41615	49.012270000000001
204	8.4161400000000004	49.012189999999997
205	8.4169199999999993	49.012149999999998
206	8.4169	49.011969999999998
207	8.4160799999999991	49.011560000000003
208	8.4168199999999995	49.01153
209	8.4170099999999994	49.011510000000001
210	8.4174000000000007	49.011499999999998
211	8.4174799999999994	49.01193
212	8.4169599999999996	49.011229999999998
213	8.41737	49.011209999999998
214	8.4179399999999998	49.011229999999998
215	8.4178700000000006	49.010919999999999
216	8.4174199999999999	49.010950000000001
217	8.4174100000000003	49.010860000000001
218	8.41784	49.010840000000002
219	8.4182000000000006	49.010919999999999
220	8.4182400000000008	49.01117
221	8.4185800000000004	49.011159999999997
222	8.4193700000000007	49.011110000000002
223	8.4194399999999998	49.01097
224	8.4193300000000004	49.010820000000002
225	8.4189100000000003	49.010429999999999
226	8.4185700000000008	49.010800000000003
227	8.4183400000000006	49.010669999999998
228	8.4182000000000006	49.010669999999998
229	8.4182100000000002	49.010359999999999
230	8.4185099999999995	49.00985
231	8.4186399999999999	49.009790000000002
232	8.4189500000000006	49.009779999999999
233	8.4193300000000004	49.009920000000001
234	8.4191900000000004	49.010069999999999
235	8.4189500000000006	49.009540000000001
236	8.4187200000000004	49.009430000000002
237	8.4185199999999991	49.009349999999998
238	8.4185400000000001	49.008980000000001
239	8.41784	49.009120000000003
240	8.4185999999999996	49.009529999999998
241	8.4175799999999992	49.009169999999997
242	8.4171999999999993	49.0092
243	8.4170300000000005	49.009099999999997
244	8.4163599999999992	49.009120000000003
245	8.4144500000000004	49.009210000000003
246	8.4169300000000007	49.00911
247	8.4169400000000003	49.009349999999998
248	8.4168099999999999	49.009349999999998
249	8.4165799999999997	49.00947
250	8.4164100000000008	49.00947
251	8.4161199999999994	49.009500000000003
252	8.4161099999999998	49.009639999999997
253	8.4165899999999993	49.009619999999998
254	8.4166299999999996	49.009779999999999
255	8.4167199999999998	49.009860000000003
256	8.4172399999999996	49.00985
257	8.4176400000000005	49.009819999999998
258	8.4175900000000006	49.009659999999997
259	8.4177400000000002	49.010039999999996
260	8.4173200000000001	49.009990000000002
261	8.4173299999999998	49.010219999999997
262	8.4172600000000006	49.010249999999999
263	8.4172999999999991	49.010860000000001
264	8.4167299999999994	49.010869999999997
265	8.4166699999999999	49.010480000000001
266	8.4162099999999995	49.010480000000001
267	8.4161999999999999	49.010240000000003
268	8.4166699999999999	49.010269999999998
269	8.4158600000000003	49.009740000000001
270	8.4158600000000003	49.010019999999997
271	8.4150700000000001	49.010060000000003
272	8.4150700000000001	49.009749999999997
273	8.4150500000000008	49.009549999999997
274	8.41465	49.00956
275	8.4144699999999997	49.009480000000003
276	8.4144799999999993	49.009549999999997
277	8.4144900000000007	49.009720000000002
278	8.4138900000000003	49.009749999999997
279	8.4138699999999993	49.009569999999997
280	8.4130900000000004	49.009619999999998
281	8.4130500000000001	49.009259999999998
282	8.4122400000000006	49.00929
283	8.4113500000000005	49.009329999999999
284	8.4113699999999998	49.009529999999998
285	8.4114100000000001	49.009869999999999
286	8.4122299999999992	49.009830000000001
287	8.4122400000000006	49.010089999999998
288	8.4127299999999998	49.010069999999999
289	8.4127100000000006	49.009810000000002
290	8.4127200000000002	49.009639999999997
291	8.4122599999999998	49.009650000000001
292	8.4103600000000007	49.009549999999997
293	8.4102700000000006	49.009630000000001
294	8.4100300000000008	49.009509999999999
295	8.4099699999999995	49.00929
296	8.4094899999999999	49.009320000000002
297	8.4103200000000005	49.009369999999997
298	8.41038	49.009180000000001
299	8.4096399999999996	49.010179999999998
300	8.4114400000000007	49.010390000000001
301	8.4114699999999996	49.010570000000001
302	8.4113900000000008	49.01061
303	8.4116999999999997	49.010570000000001
304	8.4117099999999994	49.010640000000002
305	8.4117899999999999	49.010689999999997
306	8.4118099999999991	49.010809999999999
307	8.4119499999999992	49.010820000000002
308	8.4116599999999995	49.010869999999997
309	8.4119799999999998	49.011130000000001
310	8.4118600000000008	49.011249999999997
311	8.4121000000000006	49.011389999999999
312	8.4121799999999993	49.011450000000004
313	8.4118600000000008	49.011569999999999
314	8.4123699999999992	49.011380000000003
315	8.4125200000000007	49.011330000000001
316	8.4128000000000007	49.01126
317	8.4127899999999993	49.01153
318	8.4124400000000001	49.011560000000003
319	8.4128900000000009	49.012129999999999
320	8.4132400000000001	49.012129999999999
321	8.4135200000000001	49.012129999999999
322	8.4138199999999994	49.012120000000003
323	8.4135000000000009	49.011670000000002
324	8.4132099999999994	49.011670000000002
325	8.4131800000000005	49.011130000000001
326	8.4131199999999993	49.01052
327	8.4127700000000001	49.010530000000003
328	8.4122900000000005	49.010550000000002
329	8.41235	49.010660000000001
330	8.4123900000000003	49.010800000000003
331	8.4136900000000008	49.011369999999999
332	8.4136900000000008	49.01117
333	8.4136900000000008	49.01099
334	8.4137799999999991	49.010980000000004
335	8.4135600000000004	49.011020000000002
336	8.4135399999999994	49.010730000000002
337	8.4137699999999995	49.010719999999999
338	8.4137500000000003	49.0105
339	8.4135100000000005	49.0105
340	8.4140300000000003	49.010469999999998
341	8.4141600000000007	49.010469999999998
342	8.4139900000000001	49.010069999999999
343	8.4135200000000001	49.010089999999998
344	8.4131199999999993	49.010100000000001
345	8.4131300000000007	49.010240000000003
346	8.4135200000000001	49.010219999999997
347	8.4145000000000003	49.010689999999997
348	8.4145900000000005	49.010689999999997
349	8.4145900000000005	49.010759999999998
350	8.4145800000000008	49.010460000000002
351	8.4148099999999992	49.010460000000002
352	8.4145500000000002	49.010260000000002
353	8.4147999999999996	49.010260000000002
354	8.4147999999999996	49.010100000000001
355	8.4145199999999996	49.010080000000002
356	8.4150200000000002	49.010260000000002
357	8.4150799999999997	49.010910000000003
358	8.4148399999999999	49.010930000000002
359	8.4146000000000001	49.010939999999998
360	8.4140499999999996	49.010959999999997
361	8.4140700000000006	49.011159999999997
362	8.4140800000000002	49.011290000000002
363	8.4148300000000003	49.01126
364	8.4151900000000008	49.011270000000003
365	8.4151900000000008	49.011000000000003
366	8.4154800000000005	49.011029999999998
367	8.4156399999999998	49.010869999999997
368	8.4160500000000003	49.010869999999997
369	8.4160599999999999	49.010899999999999
370	8.4160699999999995	49.010980000000004
371	8.4160500000000003	49.011290000000002
372	8.4159100000000002	49.011200000000002
373	8.4155200000000008	49.011279999999999
374	8.4157899999999994	49.011490000000002
375	8.4157799999999998	49.011609999999997
376	8.4157700000000002	49.011870000000002
377	8.4156200000000005	49.011980000000001
378	8.4154499999999999	49.012009999999997
379	8.4152699999999996	49.011989999999997
380	8.4151600000000002	49.01191
381	8.4150399999999994	49.011749999999999
382	8.4150299999999998	49.011600000000001
383	8.41479	49.011609999999997
384	8.4148599999999991	49.012009999999997
385	8.4148800000000001	49.012250000000002
386	8.4141499999999994	49.012279999999997
387	8.4141499999999994	49.012140000000002
388	8.4141499999999994	49.012030000000003
389	8.4177099999999996	49.012129999999999
390	8.4177400000000002	49.012360000000001
391	8.41784	49.012340000000002
392	8.4180499999999991	49.012329999999999
393	8.4175500000000003	49.012410000000003
394	8.4174000000000007	49.012430000000002
395	8.4172899999999995	49.012569999999997
396	8.4171700000000005	49.01258
397	8.4170099999999994	49.012509999999999
398	8.4177499999999998	49.011229999999998
399	8.4168900000000004	49.013849999999998
400	8.4169599999999996	49.013979999999997
401	8.4169699999999992	49.014270000000003
402	8.4169300000000007	49.014330000000001
403	8.4168400000000005	49.014360000000003
404	8.4164200000000005	49.010980000000004
405	8.4164200000000005	49.011180000000003
0	0	0
1	0	0
2	0	0
3	0	0
4	0	0
\.


--
-- PostgreSQL database dump complete
--

